2011-12,2012-13,2013-14,2014-15,2015-16,2016-17,Item,S.No.,State
9400805.0,11186428.0,12895568.0,14819416.0,17326726.0,20386004.0,"Agriculture, forestry and fishing",1,Andhra_Pradesh
5204052.0,6123041.0,7114707.0,7893514.0,8644285.0,9717089.0,Crops,1.1,Andhra_Pradesh
2758776.0,3358438.0,3643026.0,4309078.0,5155487.0,5979648.0,Livestock,1.2,Andhra_Pradesh
250314.0,253029.0,280493.0,346160.0,340550.0,335487.0,Forestry and logging,1.3,Andhra_Pradesh
1187663.0,1451920.0,1857342.0,2270664.0,3186404.0,4353780.0,Fishing and aquaculture,1.4,Andhra_Pradesh
1416194.0,1459027.0,1419200.0,1484300.0,1633100.0,1757565.0,Mining and quarrying,2,Andhra_Pradesh
10816999.0,12645455.0,14314768.0,16303716.0,18959826.0,22143569.0,Primary,Total,Andhra_Pradesh
5070622.0,4237657.0,4242337.0,4672266.0,5078685.0,5740816.0,Manufacturing,3,Andhra_Pradesh
1076517.0,713029.0,1014130.0,1151729.0,1251910.0,1298947.0,"Electricity, gas, water supply & other utility services",4,Andhra_Pradesh
3702645.0,3759004.0,4065131.0,4664889.0,4986189.0,5467732.0,Construction,5,Andhra_Pradesh
9849784.0,8709690.0,9321598.0,10488884.0,11316784.0,12507496.0,Secondary,Total,Andhra_Pradesh
2673600.0,3179200.0,3784900.0,4233400.0,4577700.0,5174600.0,"Trade, repair, hotels and restaurants",6,Andhra_Pradesh
2322700.0,2775600.0,3290800.0,3716000.0,3964000.0,4382200.0,Trade & repair services,6.1,Andhra_Pradesh
350900.0,403600.0,494100.0,517400.0,613700.0,792400.0,Hotels & restaurants,6.2,Andhra_Pradesh
3251379.0,3778632.0,4365811.0,5076984.0,5806226.0,6766317.0,"Transport, storage, communication & services related to broadcasting",7,Andhra_Pradesh
264279.0,303702.0,334468.0,424228.0,436596.0,445372.0,Railways,7.1,Andhra_Pradesh
1824800.0,2200400.0,2516200.0,2816000.0,3217400.0,3798300.0,Road transport,7.2,Andhra_Pradesh
95100.0,90400.0,60600.0,94200.0,110500.0,123600.0,Water transport,7.3,Andhra_Pradesh
4500.0,10600.0,5100.0,14900.0,25000.0,28000.0,Air transport,7.4,Andhra_Pradesh
501800.0,535500.0,634700.0,780200.0,904200.0,1020800.0,Services incidental to transport,7.5,Andhra_Pradesh
20700.0,16600.0,18700.0,18700.0,19000.0,20600.0,Storage,7.6,Andhra_Pradesh
540200.0,621430.0,796043.0,928756.0,1093530.0,1329645.0,Communication & services related to broadcasting,7.7,Andhra_Pradesh
1425608.0,1584297.0,1710463.0,1900863.0,2125508.0,2415390.0,Financial services,8,Andhra_Pradesh
2833805.0,3434098.0,3897345.0,4405409.0,5092310.0,5942431.0,"Real estate, ownership of dwelling & professional services",9,Andhra_Pradesh
1393752.0,1552379.0,1738971.0,2200897.0,2594904.0,3039676.0,Public administration,10,Andhra_Pradesh
2730376.0,3063920.0,3538298.0,4215389.0,5248604.0,6180240.0,Other services,11,Andhra_Pradesh
14308520.0,16592526.0,19035788.0,22032942.0,25445252.0,29518654.0,Tertiary,Total,Andhra_Pradesh
34975303.0,37947671.0,42672154.0,48825542.0,55721862.0,64169719.0,TOTAL GSVA at basic prices,12,Andhra_Pradesh
4243900.0,4656500.0,5263500.0,5512100.0,6719300.0,7236500.0,Taxes on Products,13,Andhra_Pradesh
1279000.0,1463800.0,1508500.0,1690800.0,1447800.0,1475500.0,Subsidies on products,14,Andhra_Pradesh
37940203.0,41140371.0,46427154.0,52646842.0,60993362.0,69930719.0,Gross State Domestic Product,15,Andhra_Pradesh
492750.0,495660.0,498570.0,501510.0,504460.0,507430.0,Population ('00),16,Andhra_Pradesh
76997.0,83001.0,93121.0,104977.0,120908.0,137814.0,Per Capita GSDP (Rs.),17,Andhra_Pradesh
455505.0,545406.0,603944.0,686117.0,744726.0,,"Agriculture, forestry and fishing",1,Arunachal_Pradesh
255815.0,331962.0,360344.0,415520.0,431318.0,,Crops,1.1,Arunachal_Pradesh
29657.0,24249.0,34027.0,38387.0,44386.0,,Livestock,1.2,Arunachal_Pradesh
165510.0,183780.0,204038.0,224017.0,258676.0,,Forestry and logging,1.3,Arunachal_Pradesh
4523.0,5415.0,5535.0,8193.0,10346.0,,Fishing and aquaculture,1.4,Arunachal_Pradesh
23022.0,35024.0,43616.0,30842.0,38068.0,,Mining and quarrying,2,Arunachal_Pradesh
478527.0,580430.0,647560.0,716959.0,782794.0,,Primary,Total,Arunachal_Pradesh
12900.0,14827.0,19714.0,26120.0,37743.0,,Manufacturing,3,Arunachal_Pradesh
69131.0,78766.0,89594.0,113527.0,139187.0,,"Electricity, gas, water supply & other utility services",4,Arunachal_Pradesh
104529.0,107821.0,124594.0,147842.0,161705.0,,Construction,5,Arunachal_Pradesh
186560.0,201414.0,233902.0,287489.0,338635.0,,Secondary,Total,Arunachal_Pradesh
59892.0,50878.0,70494.0,60421.0,65846.0,,"Trade, repair, hotels and restaurants",6,Arunachal_Pradesh
56921.0,47880.0,67273.0,56796.0,62044.0,,Trade & repair services,6.1,Arunachal_Pradesh
2971.0,2998.0,3221.0,3625.0,3802.0,,Hotels & restaurants,6.2,Arunachal_Pradesh
23420.0,27306.0,33414.0,35203.0,42833.0,,"Transport, storage, communication & services related to broadcasting",7,Arunachal_Pradesh
30.0,34.0,47.0,59.0,65.0,,Railways,7.1,Arunachal_Pradesh
12382.0,13618.0,16059.0,15467.0,20413.0,,Road transport,7.2,Arunachal_Pradesh
0.0,0.0,0.0,0.0,0.0,,Water transport,7.3,Arunachal_Pradesh
0.0,0.0,0.0,0.0,0.0,,Air transport,7.4,Arunachal_Pradesh
78.0,89.0,100.0,109.0,121.0,,Services incidental to transport,7.5,Arunachal_Pradesh
0.0,0.0,0.0,0.0,0.0,,Storage,7.6,Arunachal_Pradesh
10930.0,13565.0,17208.0,19568.0,22234.0,,Communication & services related to broadcasting,7.7,Arunachal_Pradesh
20884.0,21562.0,23571.0,25207.0,27548.0,,Financial services,8,Arunachal_Pradesh
38261.0,41869.0,44949.0,48418.0,50432.0,,"Real estate, ownership of dwelling & professional services",9,Arunachal_Pradesh
135418.0,149466.0,183105.0,243867.0,265622.0,,Public administration,10,Arunachal_Pradesh
142509.0,167431.0,189928.0,218728.0,257504.0,,Other services,11,Arunachal_Pradesh
420384.0,458512.0,545461.0,631844.0,709785.0,,Tertiary,Total,Arunachal_Pradesh
1085471.0,1240356.0,1426923.0,1636292.0,1831214.0,,TOTAL GSVA at basic prices,12,Arunachal_Pradesh
41341.0,43899.0,62683.0,70099.0,78392.0,,Taxes on Products,13,Arunachal_Pradesh
20542.0,29591.0,29405.0,30272.0,31165.0,,Subsidies on products,14,Arunachal_Pradesh
1106270.0,1254664.0,1460201.0,1676119.0,1878441.0,,Gross State Domestic Product,15,Arunachal_Pradesh
14000.0,14280.0,14570.0,14870.0,15160.0,,Population ('00),16,Arunachal_Pradesh
79019.0,87862.0,100220.0,112718.0,123908.0,,Per Capita GSDP (Rs.),17,Arunachal_Pradesh
2848113.0,3391548.0,3692959.0,3855548.0,4343564.0,,"Agriculture, forestry and fishing",1,Assam
2061487.0,2496905.0,2720261.0,2890544.0,3310990.0,,Crops,1.1,Assam
159289.0,179160.0,155267.0,173478.0,175526.0,,Livestock,1.2,Assam
231388.0,246368.0,311458.0,261987.0,278521.0,,Forestry and logging,1.3,Assam
395949.0,469115.0,505973.0,529539.0,578527.0,,Fishing and aquaculture,1.4,Assam
1464989.0,1448306.0,1423477.0,1471149.0,1493456.0,,Mining and quarrying,2,Assam
4313102.0,4839854.0,5116436.0,5326697.0,5837020.0,,Primary,Total,Assam
1540255.0,1531538.0,1904299.0,2002936.0,2055341.0,,Manufacturing,3,Assam
191883.0,210901.0,257083.0,296587.0,372236.0,,"Electricity, gas, water supply & other utility services",4,Assam
1188747.0,1270304.0,1537481.0,1733568.0,2093594.0,,Construction,5,Assam
2920885.0,3012743.0,3698863.0,4033091.0,4521171.0,,Secondary,Total,Assam
2045676.0,2284041.0,2573962.0,2987155.0,3480621.0,,"Trade, repair, hotels and restaurants",6,Assam
1961211.0,2191727.0,2473790.0,2876251.0,3353852.0,,Trade & repair services,6.1,Assam
84465.0,92314.0,100172.0,110904.0,126769.0,,Hotels & restaurants,6.2,Assam
810091.0,929196.0,1086729.0,1194568.0,1392834.0,,"Transport, storage, communication & services related to broadcasting",7,Assam
158334.0,186316.0,215234.0,252509.0,294682.0,,Railways,7.1,Assam
356262.0,422930.0,474743.0,507668.0,579295.0,,Road transport,7.2,Assam
43626.0,47129.0,25033.0,4502.0,5023.0,,Water transport,7.3,Assam
0.0,255.0,9711.0,26223.0,29260.0,,Air transport,7.4,Assam
36400.0,39855.0,36798.0,35739.0,37732.0,,Services incidental to transport,7.5,Assam
6594.0,7277.0,8377.0,10308.0,12070.0,,Storage,7.6,Assam
208875.0,225434.0,316833.0,357619.0,434772.0,,Communication & services related to broadcasting,7.7,Assam
427077.0,457213.0,515905.0,543651.0,591575.0,,Financial services,8,Assam
1112543.0,1225917.0,1316472.0,1412466.0,1534435.0,,"Real estate, ownership of dwelling & professional services",9,Assam
821723.0,929477.0,982734.0,1373611.0,1556575.0,,Public administration,10,Assam
1077923.0,1182533.0,1493924.0,1795658.0,2209442.0,,Other services,11,Assam
6295033.0,7008377.0,7969726.0,9307109.0,10765482.0,,Tertiary,Total,Assam
13529020.0,14860974.0,16785025.0,18666897.0,21123673.0,,TOTAL GSVA at basic prices,12,Assam
1203476.0,1346785.0,1519305.0,1725309.0,1945496.0,,Taxes on Products,13,Assam
415005.0,521335.0,529808.0,582406.0,645770.0,,Subsidies on products,14,Assam
14317491.0,15686424.0,17774522.0,19809800.0,22423399.0,,Gross State Domestic Product,15,Assam
314410.0,318480.0,322600.0,326780.0,331010.0,,Population ('00),16,Assam
45538.0,49254.0,55098.0,60621.0,67742.0,,Per Capita GSDP (Rs.),17,Assam
6206655.0,7669989.0,7371939.0,7951890.0,8095024.0,,"Agriculture, forestry and fishing",1,Bihar
4260778.0,5336544.0,4522339.0,4688237.0,4577220.0,,Crops,1.1,Bihar
1202821.0,1481102.0,1831596.0,2060296.0,2247038.0,,Livestock,1.2,Bihar
418682.0,457077.0,500976.0,550132.0,591042.0,,Forestry and logging,1.3,Bihar
324374.0,395266.0,517028.0,653224.0,679725.0,,Fishing and aquaculture,1.4,Bihar
19858.0,23429.0,150804.0,68107.0,68549.0,,Mining and quarrying,2,Bihar
6226513.0,7693418.0,7522743.0,8019997.0,8163574.0,,Primary,Total,Bihar
1466570.0,1035092.0,2120942.0,2189965.0,2892956.0,,Manufacturing,3,Bihar
365887.0,442206.0,385931.0,345168.0,363130.0,,"Electricity, gas, water supply & other utility services",4,Bihar
2701685.0,2781005.0,3184760.0,3449763.0,3667664.0,,Construction,5,Bihar
4534142.0,4258302.0,5691633.0,5984896.0,6923750.0,,Secondary,Total,Bihar
4390442.0,5175534.0,5205102.0,7448373.0,8789191.0,,"Trade, repair, hotels and restaurants",6,Bihar
4110861.0,4867227.0,4873547.0,7081391.0,8383018.0,,Trade & repair services,6.1,Bihar
279581.0,308307.0,331555.0,366982.0,406173.0,,Hotels & restaurants,6.2,Bihar
1754480.0,2161629.0,2684993.0,3147173.0,3658194.0,,"Transport, storage, communication & services related to broadcasting",7,Bihar
275142.0,334829.0,395681.0,462413.0,540400.0,,Railways,7.1,Bihar
840472.0,1069740.0,1347912.0,1572288.0,1833696.0,,Road transport,7.2,Bihar
4895.0,2559.0,1728.0,2228.0,2228.0,,Water transport,7.3,Bihar
3079.0,5848.0,4557.0,13599.0,13599.0,,Air transport,7.4,Bihar
89270.0,112022.0,142482.0,166600.0,194712.0,,Services incidental to transport,7.5,Bihar
7400.0,8434.0,8457.0,10618.0,10618.0,,Storage,7.6,Bihar
534222.0,628197.0,784175.0,919427.0,1062941.0,,Communication & services related to broadcasting,7.7,Bihar
883932.0,977417.0,1122273.0,1178022.0,1236540.0,,Financial services,8,Bihar
2802336.0,3121656.0,3460385.0,3740641.0,4081952.0,,"Real estate, ownership of dwelling & professional services",9,Bihar
1358743.0,1477676.0,1576835.0,2078171.0,2129474.0,,Public administration,10,Bihar
2219262.0,2804281.0,3404578.0,4587589.0,4845291.0,,Other services,11,Bihar
13409194.0,15718193.0,17454166.0,22179969.0,24740642.0,,Tertiary,Total,Bihar
24169849.0,27669913.0,30668542.0,36184863.0,39827966.0,,TOTAL GSVA at basic prices,12,Bihar
1716948.0,2118544.0,2623561.0,3213546.0,4067111.0,,Taxes on Products,13,Bihar
1172402.0,1551663.0,1581969.0,2006421.0,2544756.0,,Subsidies on products,14,Bihar
24714396.0,28236794.0,31710134.0,37391988.0,41350321.0,,Gross State Domestic Product,15,Bihar
1050570.0,1067200.0,1084080.0,1101240.0,1118670.0,,Population ('00),16,Bihar
23525.0,26459.0,29251.0,33954.0,36964.0,,Per Capita GSDP (Rs.),17,Bihar
12615.0,13205.0,14579.0,16233.0,17264.0,,"Agriculture, forestry and fishing",1,Chandigarh
1205.0,1381.0,1562.0,1659.0,1757.0,,Crops,1.1,Chandigarh
10884.0,11430.0,12473.0,13992.0,14912.0,,Livestock,1.2,Chandigarh
291.0,336.0,370.0,388.0,392.0,,Forestry and logging,1.3,Chandigarh
235.0,58.0,174.0,194.0,203.0,,Fishing and aquaculture,1.4,Chandigarh
230.0,215.0,182.0,179.0,176.0,,Mining and quarrying,2,Chandigarh
12845.0,13420.0,14761.0,16412.0,17440.0,,Primary,Total,Chandigarh
101724.0,113846.0,134176.0,149631.0,161750.0,,Manufacturing,3,Chandigarh
23897.0,25678.0,28433.0,29741.0,33875.0,,"Electricity, gas, water supply & other utility services",4,Chandigarh
113825.0,114102.0,129295.0,133321.0,135054.0,,Construction,5,Chandigarh
239446.0,253626.0,291904.0,312693.0,330679.0,,Secondary,Total,Chandigarh
614134.0,734772.0,843872.0,965781.0,1059461.0,,"Trade, repair, hotels and restaurants",6,Chandigarh
558189.0,673113.0,776905.0,890921.0,977340.0,,Trade & repair services,6.1,Chandigarh
55945.0,61659.0,66967.0,74860.0,82121.0,,Hotels & restaurants,6.2,Chandigarh
93714.0,108281.0,121459.0,148302.0,159142.0,,"Transport, storage, communication & services related to broadcasting",7,Chandigarh
838.0,974.0,1271.0,1070.0,1083.0,,Railways,7.1,Chandigarh
34945.0,43030.0,45231.0,54468.0,64084.0,,Road transport,7.2,Chandigarh
0.0,0.0,0.0,0.0,0.0,,Water transport,7.3,Chandigarh
2195.0,4585.0,4176.0,12391.0,12551.0,,Air transport,7.4,Chandigarh
20460.0,23608.0,27357.0,33211.0,33641.0,,Services incidental to transport,7.5,Chandigarh
711.0,762.0,873.0,763.0,780.0,,Storage,7.6,Chandigarh
34565.0,35322.0,42551.0,46399.0,47003.0,,Communication & services related to broadcasting,7.7,Chandigarh
285574.0,324887.0,351409.0,373045.0,400650.0,,Financial services,8,Chandigarh
392976.0,443135.0,524923.0,598448.0,642729.0,,"Real estate, ownership of dwelling & professional services",9,Chandigarh
127626.0,154727.0,166034.0,183889.0,203543.0,,Public administration,10,Chandigarh
106809.0,123219.0,143522.0,156543.0,175655.0,,Other services,11,Chandigarh
1620833.0,1889021.0,2151219.0,2426008.0,2641180.0,,Tertiary,Total,Chandigarh
1873124.0,2156067.0,2457884.0,2755113.0,2989299.0,,TOTAL GSVA at basic prices,12,Chandigarh
27002.0,34002.0,45366.0,52622.0,64052.0,,Taxes on Products,13,Chandigarh
23337.0,29209.0,24529.0,23309.0,22907.0,,Subsidies on products,14,Chandigarh
1876789.0,2160860.0,2478721.0,2784426.0,3030444.0,,Gross State Domestic Product,15,Chandigarh
10640.0,10800.0,10960.0,11120.0,11280.0,,Population ('00),16,Chandigarh
176390.0,200080.0,226161.0,250398.0,268656.0,,Per Capita GSDP (Rs.),17,Chandigarh
2685950.0,3180908.0,3589934.0,3948847.0,4341869.0,4852218.0,"Agriculture, forestry and fishing",1,Chhattisgarh
1798258.0,2140927.0,2395705.0,2613371.0,2829924.0,3132527.0,Crops,1.1,Chhattisgarh
226704.0,255035.0,310931.0,352208.0,412501.0,467223.0,Livestock,1.2,Chhattisgarh
426205.0,503309.0,559637.0,597785.0,672022.0,778945.0,Forestry and logging,1.3,Chhattisgarh
234783.0,281637.0,323661.0,385483.0,427422.0,473523.0,Fishing and aquaculture,1.4,Chhattisgarh
1970258.0,1923021.0,2144358.0,2451970.0,2365874.0,2482291.0,Mining and quarrying,2,Chhattisgarh
4656208.0,5103929.0,5734292.0,6400817.0,6707743.0,7334509.0,Primary,Total,Chhattisgarh
2435032.0,2817915.0,3810105.0,4370593.0,4925000.0,5403213.0,Manufacturing,3,Chhattisgarh
709991.0,970686.0,1051772.0,1198438.0,1351026.0,1461841.0,"Electricity, gas, water supply & other utility services",4,Chhattisgarh
1901330.0,1920771.0,2260022.0,2669855.0,3016954.0,3391547.0,Construction,5,Chhattisgarh
5046354.0,5709372.0,7121899.0,8238886.0,9292980.0,10256601.0,Secondary,Total,Chhattisgarh
932617.0,1101271.0,1288982.0,1535571.0,1782734.0,1979656.0,"Trade, repair, hotels and restaurants",6,Chhattisgarh
847597.0,1011450.0,1178419.0,1414164.0,1666029.0,1838297.0,Trade & repair services,6.1,Chhattisgarh
85020.0,89821.0,110563.0,121407.0,116706.0,141359.0,Hotels & restaurants,6.2,Chhattisgarh
583708.0,683320.0,783315.0,871770.0,1003151.0,1165466.0,"Transport, storage, communication & services related to broadcasting",7,Chhattisgarh
121509.0,140418.0,150098.0,159176.0,173471.0,186151.0,Railways,7.1,Chhattisgarh
275736.0,320533.0,357128.0,386628.0,443855.0,516676.0,Road transport,7.2,Chhattisgarh
0.0,0.0,0.0,0.0,0.0,0.0,Water transport,7.3,Chhattisgarh
2217.0,4215.0,3337.0,9507.0,9842.0,11038.0,Air transport,7.4,Chhattisgarh
3756.0,4347.0,4818.0,5232.0,5680.0,6084.0,Services incidental to transport,7.5,Chhattisgarh
10189.0,11689.0,14026.0,16675.0,19415.0,22675.0,Storage,7.6,Chhattisgarh
170301.0,202117.0,253906.0,294552.0,350888.0,422842.0,Communication & services related to broadcasting,7.7,Chhattisgarh
537699.0,609344.0,676094.0,739057.0,813950.0,903006.0,Financial services,8,Chhattisgarh
1755211.0,1919629.0,2227586.0,2462166.0,2749303.0,3034840.0,"Real estate, ownership of dwelling & professional services",9,Chhattisgarh
549383.0,611344.0,781483.0,867982.0,1028511.0,1274761.0,Public administration,10,Chhattisgarh
781803.0,875123.0,914758.0,1112232.0,1320891.0,1616648.0,Other services,11,Chhattisgarh
5140421.0,5800031.0,6672218.0,7588778.0,8698541.0,9974377.0,Tertiary,Total,Chhattisgarh
14842983.0,16613332.0,19528409.0,22228481.0,24699264.0,27565487.0,TOTAL GSVA at basic prices,12,Chhattisgarh
1704500.0,2087500.0,2193874.0,2601791.0,3002113.0,3393144.0,Taxes on Products,13,Chhattisgarh
740100.0,949700.0,1053267.0,1332092.0,1623812.0,1944661.0,Subsidies on products,14,Chhattisgarh
15807383.0,17751132.0,20669016.0,23498180.0,26077565.0,29013970.0,Gross State Domestic Product,15,Chhattisgarh
257850.0,262010.0,266240.0,270530.0,274900.0,279330.0,Population ('00),16,Chhattisgarh
61305.0,67750.0,77633.0,86860.0,94862.0,103870.0,Per Capita GSDP (Rs.),17,Chhattisgarh
204298.0,228626.0,311711.0,308507.0,366186.0,,"Agriculture, forestry and fishing",1,Goa
102417.0,108207.0,126747.0,140421.0,159400.0,,Crops,1.1,Goa
23530.0,26599.0,31237.0,30141.0,43088.0,,Livestock,1.2,Goa
11797.0,12522.0,13051.0,15744.0,19880.0,,Forestry and logging,1.3,Goa
66554.0,81298.0,140676.0,122201.0,143819.0,,Fishing and aquaculture,1.4,Goa
643618.0,208663.0,3977.0,3622.0,3678.0,,Mining and quarrying,2,Goa
847915.0,437289.0,315688.0,312129.0,369865.0,,Primary,Total,Goa
1629346.0,1453493.0,1091757.0,1177608.0,1285215.0,,Manufacturing,3,Goa
95883.0,116876.0,157732.0,204110.0,274414.0,,"Electricity, gas, water supply & other utility services",4,Goa
135801.0,140399.0,161627.0,165819.0,175281.0,,Construction,5,Goa
1861030.0,1710767.0,1411116.0,1547536.0,1734910.0,,Secondary,Total,Goa
259615.0,259610.0,284357.0,380927.0,470977.0,,"Trade, repair, hotels and restaurants",6,Goa
231790.0,229719.0,251701.0,343492.0,427674.0,,Trade & repair services,6.1,Goa
27825.0,29891.0,32656.0,37434.0,43303.0,,Hotels & restaurants,6.2,Goa
155964.0,141372.0,135168.0,189656.0,186023.0,,"Transport, storage, communication & services related to broadcasting",7,Goa
12158.0,13498.0,13559.0,15649.0,18061.0,,Railways,7.1,Goa
34683.0,38841.0,42533.0,46171.0,48971.0,,Road transport,7.2,Goa
42442.0,22267.0,12790.0,17820.0,20561.0,,Water transport,7.3,Goa
9731.0,18426.0,15901.0,46359.0,15904.0,,Air transport,7.4,Goa
29654.0,18371.0,12158.0,19272.0,30779.0,,Services incidental to transport,7.5,Goa
192.0,253.0,306.0,357.0,416.0,,Storage,7.6,Goa
27105.0,29716.0,37921.0,44028.0,51330.0,,Communication & services related to broadcasting,7.7,Goa
172930.0,205807.0,219431.0,233618.0,248722.0,,Financial services,8,Goa
268681.0,311294.0,353295.0,407099.0,471567.0,,"Real estate, ownership of dwelling & professional services",9,Goa
250476.0,279612.0,319424.0,346486.0,376530.0,,Public administration,10,Goa
123955.0,141551.0,163883.0,180431.0,200606.0,,Other services,11,Goa
1231621.0,1339245.0,1475558.0,1738217.0,1954425.0,,Tertiary,Total,Goa
3940566.0,3487302.0,3202361.0,3597882.0,4059199.0,,TOTAL GSVA at basic prices,12,Goa
373700.0,418200.0,453647.0,527279.0,488600.0,,Taxes on Products,13,Goa
77600.0,93500.0,63898.0,61854.0,47600.0,,Subsidies on products,14,Goa
4236666.0,3812002.0,3592110.0,4063307.0,4500199.0,,Gross State Domestic Product,15,Goa
14650.0,14750.0,14850.0,14950.0,15051.0,,Population ('00),16,Goa
289192.0,258441.0,241893.0,271793.0,299003.0,,Per Capita GSDP (Rs.),17,Goa
10736422.0,9917095.0,13040117.0,13769969.0,14233763.0,,"Agriculture, forestry and fishing",1,Gujarat
7950972.0,6767738.0,9556409.0,9671086.0,9516349.0,,Crops,1.1,Gujarat
1850549.0,2011439.0,2316038.0,2698910.0,3164273.0,,Livestock,1.2,Gujarat
611318.0,770303.0,715171.0,761616.0,858369.0,,Forestry and logging,1.3,Gujarat
323584.0,367616.0,452499.0,638357.0,694772.0,,Fishing and aquaculture,1.4,Gujarat
1850611.0,2315728.0,2026283.0,2117218.0,2276009.0,,Mining and quarrying,2,Gujarat
12587033.0,12232823.0,15066400.0,15887187.0,16509773.0,,Primary,Total,Gujarat
15681931.0,20692579.0,21997752.0,24087538.0,26640817.0,,Manufacturing,3,Gujarat
2190546.0,2679262.0,2890694.0,3409983.0,3812361.0,,"Electricity, gas, water supply & other utility services",4,Gujarat
4469267.0,4702959.0,5352370.0,5526017.0,5968098.0,,Construction,5,Gujarat
22341743.0,28074800.0,30240816.0,33023538.0,36421276.0,,Secondary,Total,Gujarat
6646396.0,8457461.0,8991796.0,10178713.0,10697827.0,,"Trade, repair, hotels and restaurants",6,Gujarat
6646396.0,8457461.0,8991796.0,10178713.0,10697827.0,,Trade & repair services,6.1,Gujarat
,,,,,,Hotels & restaurants,6.2,Gujarat
3253230.0,3715274.0,4015345.0,4555910.0,5105238.0,,"Transport, storage, communication & services related to broadcasting",7,Gujarat
328792.0,363157.0,384751.0,511593.0,596006.0,,Railways,7.1,Gujarat
,,,,,,Road transport,7.2,Gujarat
,,,,,,Water transport,7.3,Gujarat
,,,,,,Air transport,7.4,Gujarat
2126306.0,2434819.0,2485294.0,2744163.0,3051509.0,,Services incidental to transport*,7.5,Gujarat
36202.0,40557.0,46042.0,57634.0,66101.0,,Storage,7.6,Gujarat
761929.0,876741.0,1099258.0,1242520.0,1391622.0,,Communication & services related to broadcasting,7.7,Gujarat
2942743.0,3461652.0,4116751.0,4606644.0,5210114.0,,Financial services,8,Gujarat
3481417.0,3969395.0,4564674.0,5179502.0,5916201.0,,"Real estate, ownership of dwelling & professional services",9,Gujarat
1917276.0,2184966.0,2373071.0,2576195.0,2887915.0,,Public administration,10,Gujarat
2022268.0,2419178.0,2739442.0,3123413.0,3628248.0,,Other services,11,Gujarat
20263330.0,24207926.0,26801079.0,30220377.0,33445543.0,,Tertiary,Total,Gujarat
55192107.0,64515549.0,72108295.0,79131102.0,86376592.0,,TOTAL GSVA at basic prices,12,Gujarat
7700384.0,9515745.0,10380816.0,12353171.04,15317932.09,,Taxes on Products,13,Gujarat
1331884.0,1581757.841,1726792.0,1981546.0,2262925.5319999997,,Subsidies on products,14,Gujarat
61560607.0,72449536.0,80762319.0,89502727.0,99431599.0,,Gross State Domestic Product,15,Gujarat
609060.0,617130.0,625300.0,633590.0,641990.0,,Population ('00),16,Gujarat
101075.0,117398.0,129158.0,141263.0,154880.0,,Per Capita GSDP (Rs.),17,Gujarat
6453886.0,7150666.0,7929914.0,8015238.0,8396709.0,9466087.0,"Agriculture, forestry and fishing",1,Haryana
4088737.0,4457601.0,4951547.0,4636731.0,4727367.0,5469577.0,Crops,1.1,Haryana
1889817.0,2160183.0,2483010.0,2916173.0,3225085.0,3524563.0,Livestock,1.2,Haryana
389490.0,432560.0,400345.0,352254.0,356483.0,347491.0,Forestry and logging,1.3,Haryana
85843.0,100322.0,95012.0,110080.0,87774.0,124457.0,Fishing and aquaculture,1.4,Haryana
11882.0,10013.0,30643.0,25186.0,47743.0,95975.0,Mining and quarrying,2,Haryana
6465768.0,7160679.0,7960557.0,8040424.0,8444452.0,9562062.0,Primary,Total,Haryana
5328609.0,6663757.0,7386437.0,7756921.0,8487531.0,9098633.0,Manufacturing,3,Haryana
344604.0,647542.0,990052.0,1101919.0,1436434.0,1771999.0,"Electricity, gas, water supply & other utility services",4,Haryana
2975966.0,3042391.0,3571936.0,3702571.0,3930821.0,4232315.0,Construction,5,Haryana
8649179.0,10353690.0,11948425.0,12561411.0,13854787.0,15102947.0,Secondary,Total,Haryana
3310742.0,3881872.0,4337016.0,4986319.0,5500429.0,6173305.0,"Trade, repair, hotels and restaurants",6,Haryana
3191526.0,3750911.0,4195470.0,4817784.0,5307508.0,5951557.0,Trade & repair services,6.1,Haryana
119216.0,130961.0,141546.0,168535.0,192922.0,221748.0,Hotels & restaurants,6.2,Haryana
1727689.0,1965560.0,2226172.0,2560623.0,2859546.0,3201201.0,"Transport, storage, communication & services related to broadcasting",7,Haryana
268949.0,333924.0,349621.0,423873.0,473961.0,533680.0,Railways,7.1,Haryana
1004452.0,1137035.0,1283657.0,1452364.0,1595178.0,1745342.0,Road transport,7.2,Haryana
,,,,,,Water transport,7.3,Haryana
,,,,,,Air transport,7.4,Haryana
139222.0,156962.0,163774.0,190269.0,211159.0,234366.0,Services incidental to transport,7.5,Haryana
11955.0,16530.0,14378.0,14459.0,11646.0,11876.0,Storage,7.6,Haryana
303112.0,321109.0,414741.0,479658.0,567602.0,675936.0,Communication & services related to broadcasting,7.7,Haryana
1165659.0,1321389.0,1483809.0,1671486.0,1811965.0,2002221.0,Financial services,8,Haryana
4092800.0,5007987.0,6262214.0,6970183.0,7855396.0,8970862.0,"Real estate, ownership of dwelling & professional services",9,Haryana
729814.0,822186.0,885660.0,1036377.0,1154920.0,1363217.0,Public administration,10,Haryana
1265812.0,1476085.0,1652825.0,2001581.0,2328010.0,2753390.0,Other services,11,Haryana
12292516.0,14475079.0,16847695.0,19226568.0,21510266.0,24464197.0,Tertiary,Total,Haryana
27407463.0,31989448.0,36756677.0,39828404.0,43809505.0,49129206.0,TOTAL GSVA at basic prices,12,Haryana
3321210.0,3894111.0,4365329.0,4985670.0,5792396.0,6729658.0,Taxes on Products,13,Haryana
974821.0,1180358.0,1055793.0,1067867.0,1083502.0,1119258.0,Subsidies on products,14,Haryana
29753852.0,34703201.0,40066212.0,43746207.0,48518399.0,54739606.0,Gross State Domestic Product,15,Haryana
255600.0,259220.0,262900.0,266620.0,270400.0,274230.0,Population ('00),16,Haryana
116408.0,133875.0,152401.0,164077.0,179432.0,199612.0,Per Capita GSDP (Rs.),17,Haryana
1162626.0,1313711.0,1497802.0,1514981.0,,,"Agriculture, forestry and fishing",1,Himachal_Pradesh
673402.0,814909.0,938019.0,853758.0,,,Crops,1.1,Himachal_Pradesh
115315.0,109697.0,108442.0,110304.0,,,Livestock,1.2,Himachal_Pradesh
368735.0,383150.0,443092.0,540950.0,,,Forestry and logging,1.3,Himachal_Pradesh
5175.0,5956.0,8249.0,9968.0,,,Fishing and aquaculture,1.4,Himachal_Pradesh
28640.0,30544.0,28476.0,33385.0,,,Mining and quarrying,2,Himachal_Pradesh
1191266.0,1344255.0,1526277.0,1548366.0,,,Primary,Total,Himachal_Pradesh
1799826.0,2063113.0,2355433.0,2543637.0,,,Manufacturing,3,Himachal_Pradesh
602408.0,619270.0,713480.0,767268.0,,,"Electricity, gas, water supply & other utility services",4,Himachal_Pradesh
638216.0,711075.0,775084.0,808256.0,,,Construction,5,Himachal_Pradesh
3040450.0,3393457.0,3843997.0,4119162.0,,,Secondary,Total,Himachal_Pradesh
456829.0,513988.0,583016.0,615496.0,,,"Trade, repair, hotels and restaurants",6,Himachal_Pradesh
357260.0,407784.0,473098.0,494162.0,,,Trade & repair services,6.1,Himachal_Pradesh
99569.0,106203.0,109918.0,121333.0,,,Hotels & restaurants,6.2,Himachal_Pradesh
300837.0,351968.0,445448.0,552234.0,,,"Transport, storage, communication & services related to broadcasting",7,Himachal_Pradesh
1720.0,1919.0,2309.0,2528.0,,,Railways,7.1,Himachal_Pradesh
169771.0,212617.0,273314.0,349608.0,,,Road transport,7.2,Himachal_Pradesh
0.0,0.0,0.0,0.0,,,Water transport,7.3,Himachal_Pradesh
898.0,1670.0,1452.0,3979.0,,,Air transport,7.4,Himachal_Pradesh
814.0,1024.0,1334.0,1724.0,,,Services incidental to transport,7.5,Himachal_Pradesh
163.0,181.0,120.0,129.0,,,Storage,7.6,Himachal_Pradesh
127471.0,134557.0,166919.0,194266.0,,,Communication & services related to broadcasting,7.7,Himachal_Pradesh
287346.0,318473.0,332560.0,362521.0,,,Financial services,8,Himachal_Pradesh
674894.0,816170.0,967576.0,1125937.0,,,"Real estate, ownership of dwelling & professional services",9,Himachal_Pradesh
375875.0,437936.0,468316.0,553974.0,,,Public administration,10,Himachal_Pradesh
612783.0,714593.0,768581.0,923164.0,,,Other services,11,Himachal_Pradesh
2708563.0,3153127.0,3565497.0,4133326.0,,,Tertiary,Total,Himachal_Pradesh
6940278.0,7890839.0,8935771.0,9800853.0,,,TOTAL GSVA at basic prices,12,Himachal_Pradesh
551418.0,637988.0,759234.0,895317.0,,,Taxes on Products,13,Himachal_Pradesh
219713.0,246849.0,218589.0,259291.0,,,Subsidies on products,14,Himachal_Pradesh
7271983.0,8281978.0,9476416.0,10436879.0,,,Gross State Domestic Product,15,Himachal_Pradesh
69010.0,69620.0,70230.0,70840.0,,,Population ('00),16,Himachal_Pradesh
105376.0,118960.0,134934.0,147330.0,,,Per Capita GSDP (Rs.),17,Himachal_Pradesh
2233546.0,2550211.0,2844215.0,3211065.0,3632150.0,,"Agriculture, forestry and fishing",1,Jharkhand
1342099.0,1611776.0,1812103.0,2094466.0,2431179.0,,Crops,1.1,Jharkhand
477585.0,459416.0,493408.0,562503.0,594001.0,,Livestock,1.2,Jharkhand
357560.0,399912.0,438916.0,445149.0,478733.0,,Forestry and logging,1.3,Jharkhand
56302.0,79107.0,99788.0,108947.0,128237.0,,Fishing and aquaculture,1.4,Jharkhand
1620374.0,1879069.0,1858615.0,2037289.0,2199381.0,,Mining and quarrying,2,Jharkhand
3853920.0,4429280.0,4702830.0,5248354.0,5831531.0,,Primary,Total,Jharkhand
3016583.0,3797607.0,3660373.0,4114148.0,4569985.0,,Manufacturing,3,Jharkhand
241235.0,302773.0,335541.0,337489.0,379501.0,,"Electricity, gas, water supply & other utility services",4,Jharkhand
1439526.0,1455717.0,1699296.0,1789834.0,1927075.0,,Construction,5,Jharkhand
4697344.0,5556097.0,5695210.0,6241471.0,6876561.0,,Secondary,Total,Jharkhand
1152143.0,1383070.0,1595751.0,1991359.0,2387496.0,,"Trade, repair, hotels and restaurants",6,Jharkhand
1065983.0,1272474.0,1479141.0,1840196.0,2204400.0,,Trade & repair services,6.1,Jharkhand
86160.0,110596.0,116610.0,151163.0,183096.0,,Hotels & restaurants,6.2,Jharkhand
975954.0,1148809.0,1325607.0,1470022.0,1690746.0,,"Transport, storage, communication & services related to broadcasting",7,Jharkhand
297906.0,362089.0,404019.0,472702.0,551345.0,,Railways,7.1,Jharkhand
458247.0,530804.0,608092.0,649648.0,729492.0,,Road transport,7.2,Jharkhand
0.0,,0.0,0.0,0.0,,Water transport,7.3,Jharkhand
1373.0,2448.0,3362.0,6716.0,11455.0,,Air transport,7.4,Jharkhand
22315.0,26547.0,27554.0,17436.0,16136.0,,Services incidental to transport,7.5,Jharkhand
384.0,388.0,378.0,306.0,284.0,,Storage,7.6,Jharkhand
195729.0,226533.0,282202.0,323214.0,382034.0,,Communication & services related to broadcasting,7.7,Jharkhand
414386.0,462493.0,509609.0,551441.0,606546.0,,Financial services,8,Jharkhand
1101151.0,1290003.0,1450196.0,1656784.0,1898288.0,,"Real estate, ownership of dwelling & professional services",9,Jharkhand
981782.0,927373.0,928783.0,1088325.0,1126349.0,,Public administration,10,Jharkhand
736279.0,885544.0,1045235.0,1375410.0,1690431.0,,Other services,11,Jharkhand
5361695.0,6097292.0,6855181.0,8133341.0,9399856.0,,Tertiary,Total,Jharkhand
13912959.0,16082669.0,17253221.0,19623166.0,22107948.0,,TOTAL GSVA at basic prices,12,Jharkhand
1511500.0,1822100.0,1992669.0,2499171.0,2499171.0,,Taxes on Products,13,Jharkhand
332700.0,432400.0,389228.0,411619.0,411619.0,,Subsidies on products,14,Jharkhand
15091759.0,17472369.0,18856662.0,21710718.0,24195500.0,,Gross State Domestic Product,15,Jharkhand
333020.0,338480.0,344020.0,349660.0,355380.0,,Population ('00),16,Jharkhand
45318.0,51620.0,54813.0,62091.0,68083.0,,Per Capita GSDP (Rs.),17,Jharkhand
7554868.0,8180610.0,9670052.0,11219422.0,10806128.0,,"Agriculture, forestry and fishing",1,Karnataka
5339455.0,5749544.0,6992419.0,8157179.0,7517661.0,,Crops,1.1,Karnataka
1349662.0,1506993.0,1634066.0,1868771.0,2117661.0,,Livestock,1.2,Karnataka
593458.0,604866.0,658629.0,693082.0,720704.0,,Forestry and logging,1.3,Karnataka
272293.0,319207.0,384938.0,500390.0,450102.0,,Fishing and aquaculture,1.4,Karnataka
450254.0,407345.0,617181.0,846882.0,413803.0,,Mining and quarrying,2,Karnataka
8005122.0,8587955.0,10287233.0,12066304.0,11219931.0,,Primary,Total,Karnataka
9713888.0,10850509.0,11794288.0,12953843.0,14170107.0,,Manufacturing,3,Karnataka
1082882.0,1147835.0,1275595.0,1425762.0,1502906.0,,"Electricity, gas, water supply & other utility services",4,Karnataka
5033145.0,5233950.0,5940134.0,6104799.0,6586669.0,,Construction,5,Karnataka
15829915.0,17232294.0,19010018.0,20484404.0,22259682.0,,Secondary,Total,Karnataka
6044367.0,6965384.0,8309100.0,8991658.0,9894203.0,,"Trade, repair, hotels and restaurants",6,Karnataka
4957019.0,5774921.0,7007816.0,7523720.0,8234129.0,,Trade & repair services,6.1,Karnataka
1087348.0,1190463.0,1301284.0,1467938.0,1660073.0,,Hotels & restaurants,6.2,Karnataka
3351079.0,3839568.0,4405851.0,5097652.0,6072643.0,,"Transport, storage, communication & services related to broadcasting",7,Karnataka
202215.0,229754.0,229577.0,259482.0,335247.0,,Railways,7.1,Karnataka
2195731.0,2533015.0,2870094.0,3194576.0,3782060.0,,Road transport,7.2,Karnataka
26907.0,25331.0,22460.0,24152.0,23882.0,,Water transport,7.3,Karnataka
37365.0,67807.0,56345.0,171785.0,227201.0,,Air transport,7.4,Karnataka
47206.0,39823.0,44645.0,55349.0,61998.0,,Services incidental to transport,7.5,Karnataka
27642.0,31514.0,34986.0,42787.0,48175.0,,Storage,7.6,Karnataka
814013.0,912325.0,1147745.0,1349520.0,1594080.0,,Communication & services related to broadcasting,7.7,Karnataka
2879395.0,3211947.0,3610955.0,4094169.0,4482507.0,,Financial services,8,Karnataka
14366759.0,17695719.0,21856110.0,24766393.0,29229656.0,,"Real estate, ownership of dwelling & professional services",9,Karnataka
1488762.0,1785628.0,2060700.0,2232584.0,2376712.0,,Public administration,10,Karnataka
3256051.0,3837408.0,4501578.0,5308174.0,6267020.0,,Other services,11,Karnataka
31386414.0,37335654.0,44744294.0,50490630.0,58322740.0,,Tertiary,Total,Karnataka
55221451.0,63155902.0,74041545.0,83041338.0,91802353.0,,TOTAL GSVA at basic prices,12,Karnataka
7037506.0,8251452.0,9806976.0,11026674.0,12810724.62,,Taxes on Products,13,Karnataka
1881201.0,2237308.0,2059966.0,1889206.0,1906295.3290000001,,Subsidies on products,14,Karnataka
60377756.0,69170046.0,81788555.0,92178806.0,102706783.0,,Gross State Domestic Product,15,Karnataka
614820.0,621510.0,628270.0,635100.0,642010.0,,Population ('00),16,Karnataka
98204.0,111294.0,130181.0,145141.0,159977.0,,Per Capita GSDP (Rs.),17,Karnataka
4837594.0,5036409.0,5501261.0,5930617.0,5871958.0,,"Agriculture, forestry and fishing",1,Kerala
2904593.0,2640015.0,2837347.0,3070386.0,2685772.0,,Crops,1.1,Kerala
1125351.0,1411393.0,1548294.0,1656104.0,1890417.0,,Livestock,1.2,Kerala
430286.0,469819.0,492782.0,499808.0,559582.0,,Forestry and logging,1.3,Kerala
377363.0,515183.0,622837.0,704319.0,736188.0,,Fishing and aquaculture,1.4,Kerala
272483.0,267683.0,401836.0,558824.0,593520.0,,Mining and quarrying,2,Kerala
5110077.0,5304091.0,5903097.0,6489442.0,6465479.0,,Primary,Total,Kerala
3420404.0,4054145.0,4069129.0,4273567.0,4670069.0,,Manufacturing,3,Kerala
467898.0,538745.0,570824.0,482470.0,611019.0,,"Electricity, gas, water supply & other utility services",4,Kerala
5308794.0,5544177.0,6436556.0,7314003.0,7722140.0,,Construction,5,Kerala
9197095.0,10137066.0,11076510.0,12070040.0,13003229.0,,Secondary,Total,Kerala
5321692.0,6502369.0,7368355.0,8557345.0,9916986.0,,"Trade, repair, hotels and restaurants",6,Kerala
4732163.0,5849587.0,6657209.0,7763847.0,9031847.0,,Trade & repair services*,6.1,Kerala
589529.0,652782.0,711146.0,793498.0,885139.0,,Hotels & restaurants,6.2,Kerala
2797969.0,3110217.0,3608615.0,4020934.0,4613037.0,,"Transport, storage, communication & services related to broadcasting",7,Kerala
98140.0,119548.0,126962.0,147897.0,172284.0,,Railways,7.1,Kerala
2001208.0,2237489.0,2591554.0,2761427.0,2963818.0,,Road transport**,7.2,Kerala
28281.0,24400.0,20105.0,26956.0,29934.0,,Water transport,7.3,Kerala
26891.0,52009.0,42831.0,125029.0,326208.0,,Air transport,7.4,Kerala
61793.0,59010.0,69440.0,71567.0,75275.0,,Services incidental to transport,7.5,Kerala
3317.0,3736.0,2877.0,3290.0,3822.0,,Storage,7.6,Kerala
578340.0,614025.0,754846.0,884767.0,1041695.0,,Communication & services related to broadcasting,7.7,Kerala
1430848.0,1629698.0,1853055.0,2010306.0,2180902.0,,Financial services,8,Kerala
4220948.0,5223391.0,6190742.0,7287633.0,8584749.0,,"Real estate, ownership of dwelling & professional services",9,Kerala
1585585.0,1718357.0,1874509.0,2068915.0,2306545.0,,Public administration,10,Kerala
3965096.0,4503098.0,5035147.0,5728645.0,6503671.0,,Other services,11,Kerala
19322138.0,22687130.0,25930423.0,29673778.0,34105891.0,,Tertiary,Total,Kerala
33629310.0,38128287.0,42910029.0,48233259.0,53574598.0,,TOTAL GSVA at basic prices,12,Kerala
3407148.0,3997082.0,4455259.0,5189352.0,6044402.0,,Taxes on Products,13,Kerala
631670.0,894069.0,861168.0,822381.0,785341.0,,Subsidies on products,14,Kerala
36404788.0,41231300.0,46504121.0,52600230.0,58833659.0,,Gross State Domestic Product,15,Kerala
335015.0,336662.0,338174.0,339843.0,341525.0,,Population ('00),16,Kerala
108666.0,122471.0,137515.0,154778.0,172268.0,,Per Capita GSDP (Rs.),17,Kerala
9107231.0,12640261.0,14859567.0,16235647.0,17861367.0,23308835.0,"Agriculture, forestry and fishing",1,Madhya_Pradesh
7333369.0,10540449.0,12457830.0,13216013.0,13958549.0,18661843.0,Crops,1.1,Madhya_Pradesh
897640.0,1129978.0,1363179.0,1932769.0,2745187.0,3375141.0,Livestock,1.2,Madhya_Pradesh
811315.0,892627.0,943162.0,965588.0,1018504.0,1091337.0,Forestry and logging,1.3,Madhya_Pradesh
64907.0,77207.0,95396.0,121277.0,139127.0,180514.0,Fishing and aquaculture,1.4,Madhya_Pradesh
1171195.0,1260187.0,1548066.0,1618373.0,1686385.0,1924216.0,Mining and quarrying,2,Madhya_Pradesh
10278426.0,13900448.0,16407633.0,17854020.0,19547752.0,25233051.0,Primary,Total,Madhya_Pradesh
3828625.0,4171724.0,4018450.0,4368833.0,4730335.0,5175608.0,Manufacturing,3,Madhya_Pradesh
903127.0,1011624.0,1161616.0,1272905.0,1520303.0,1679614.0,"Electricity, gas, water supply & other utility services",4,Madhya_Pradesh
3495447.0,3499404.0,4080463.0,4403151.0,4772101.0,5186891.0,Construction,5,Madhya_Pradesh
8227199.0,8682752.0,9260529.0,10044889.0,11022739.0,12042113.0,Secondary,Total,Madhya_Pradesh
3378935.0,4128368.0,4714291.0,5357515.0,6237544.0,6914838.0,"Trade, repair, hotels and restaurants",6,Madhya_Pradesh
3149375.0,3873696.0,4427944.0,5053625.0,5901007.0,6556695.0,Trade & repair services,6.1,Madhya_Pradesh
229560.0,254672.0,286347.0,303890.0,336537.0,358143.0,Hotels & restaurants,6.2,Madhya_Pradesh
1831032.0,2199650.0,2505384.0,2865802.0,3329850.0,3806046.0,"Transport, storage, communication & services related to broadcasting",7,Madhya_Pradesh
318912.0,436586.0,457608.0,498734.0,581300.0,617543.0,Railways,7.1,Madhya_Pradesh
949685.0,1096094.0,1209997.0,1369235.0,1538680.0,1705112.0,Road transport,7.2,Madhya_Pradesh
0.0,0.0,0.0,0.0,0.0,0.0,Water transport,7.3,Madhya_Pradesh
4209.0,8197.0,6141.0,26746.0,26745.0,54206.0,Air transport,7.4,Madhya_Pradesh
25479.0,29362.0,32489.0,36694.0,41412.0,46101.0,Services incidental to transport,7.5,Madhya_Pradesh
18514.0,23059.0,26256.0,29012.0,33987.0,38059.0,Storage,7.6,Madhya_Pradesh
514233.0,606352.0,772893.0,905381.0,1107726.0,1345025.0,Communication & services related to broadcasting,7.7,Madhya_Pradesh
1593654.0,1732129.0,1920614.0,1988794.0,2384124.0,2674933.0,Financial services,8,Madhya_Pradesh
1639308.0,1945857.0,2279709.0,2660123.0,3085987.0,3499140.0,"Real estate, ownership of dwelling & professional services",9,Madhya_Pradesh
1629141.0,1907083.0,2164636.0,2497321.0,2873690.0,3221560.0,Public administration,10,Madhya_Pradesh
1791096.0,2145512.0,2359317.0,2747805.0,3200937.0,3511083.0,Other services,11,Madhya_Pradesh
11863166.0,14058599.0,15943951.0,18117360.0,21112132.0,23627600.0,Tertiary,Total,Madhya_Pradesh
30368791.0,36641799.0,41612113.0,46016269.0,51682623.0,60902764.0,TOTAL GSVA at basic prices,12,Madhya_Pradesh
2983400.0,3717500.0,4087700.0,4284700.0,4960400.0,5570200.0,Taxes on Products,13,Madhya_Pradesh
1796100.0,2266900.0,1926100.0,2102800.0,2245500.0,2424600.0,Subsidies on products,14,Madhya_Pradesh
31556091.0,38092399.0,43773713.0,48198169.0,54397523.0,64048364.0,Gross State Domestic Product,15,Madhya_Pradesh
732470.0,743220.0,754120.0,765180.0,776410.0,787800.0,Population ('00),16,Madhya_Pradesh
43082.0,51253.0,58046.0,62989.0,70063.0,81300.0,Per Capita GSDP (Rs.),17,Madhya_Pradesh
14517809.0,15443212.0,18586360.0,16475655.0,,,"Agriculture, forestry and fishing",1,Maharashtra
9851618.0,10182217.0,13079162.0,10435121.0,,,Crops,1.1,Maharashtra
2855741.0,3282569.0,3499939.0,3972829.0,,,Livestock,1.2,Maharashtra
1516574.0,1626793.0,1622060.0,1592564.0,,,Forestry and logging,1.3,Maharashtra
293875.0,351634.0,385199.0,475141.0,,,Fishing and aquaculture,1.4,Maharashtra
5649313.0,5902340.0,5205701.0,5282727.0,,,Mining and quarrying,2,Maharashtra
20167122.0,21345552.0,23792061.0,21758383.0,,,Primary,Total,Maharashtra
24603175.0,28203191.0,31267420.0,33660294.0,,,Manufacturing,3,Maharashtra
2617289.0,2852444.0,4028665.0,4334702.0,,,"Electricity, gas, water supply & other utility services",4,Maharashtra
7863028.0,8186890.0,8867104.0,9450211.0,,,Construction,5,Maharashtra
35083491.0,39242525.0,44163189.0,47445207.0,,,Secondary,Total,Maharashtra
10560911.0,12779220.0,13826084.0,15839100.0,,,"Trade, repair, hotels and restaurants",6,Maharashtra
9422900.0,11507640.0,12433410.0,14286902.0,,,Trade & repair services,6.1,Maharashtra
1138011.0,1271580.0,1392674.0,1552198.0,,,Hotels & restaurants,6.2,Maharashtra
6450024.0,7485340.0,8371252.0,9697246.0,,,"Transport, storage, communication & services related to broadcasting",7,Maharashtra
598786.0,649139.0,686231.0,797933.0,,,Railways,7.1,Maharashtra
3122427.0,3589076.0,4065463.0,4644123.0,,,Road transport,7.2,Maharashtra
122650.0,187220.0,172703.0,223626.0,,,Water transport,7.3,Maharashtra
99047.0,183101.0,144304.0,174188.0,,,Air transport,7.4,Maharashtra
825433.0,973656.0,1040005.0,1175023.0,,,Services incidental to transport,7.5,Maharashtra
92479.0,101918.0,116229.0,131237.0,,,Storage,7.6,Maharashtra
1589202.0,1801230.0,2146318.0,2551115.0,,,Communication & services related to broadcasting,7.7,Maharashtra
11783628.0,12909085.0,14993996.0,16143324.0,,,Financial services,8,Maharashtra
19086971.0,22457025.0,26166722.0,30718051.0,,,"Real estate, ownership of dwelling & professional services",9,Maharashtra
3906953.0,4337362.0,4763853.0,5426991.0,,,Public administration,10,Maharashtra
6662495.0,7831781.0,9199390.0,10806363.0,,,Other services,11,Maharashtra
58450982.0,67799813.0,77321297.0,88631076.0,,,Tertiary,Total,Maharashtra
113701595.0,128387890.0,145276547.0,157834665.0,,,TOTAL GSVA at basic prices,12,Maharashtra
16208500.0,19830400.0,23005600.0,25394800.0,,,Taxes on Products,13,Maharashtra
2613400.0,3371700.0,3531500.0,4017300.0,,,Subsidies on products,14,Maharashtra
127296695.0,144846590.0,164750647.0,179212165.0,,,Gross State Domestic Product,15,Maharashtra
1131530.0,1145010.0,1158650.0,1172450.0,,,Population ('00),16,Maharashtra
112500.0,126502.0,142192.0,152853.0,,,Per Capita GSDP (Rs.),17,Maharashtra
251623.0,297165.0,349942.0,383140.0,,,"Agriculture, forestry and fishing",1,Manipur
137772.0,168583.0,205623.0,226583.0,,,Crops,1.1,Manipur
52587.0,58268.0,67294.0,75483.0,,,Livestock,1.2,Manipur
42183.0,43885.0,43188.0,45831.0,,,Forestry and logging,1.3,Manipur
19081.0,26429.0,33836.0,35243.0,,,Fishing and aquaculture,1.4,Manipur
,,,,,,Mining and quarrying,2.       ,Manipur
251623.0,297165.0,349942.0,383140.0,,,Primary,Total,Manipur
40990.0,30594.0,46011.0,49501.0,,,Manufacturing,3.       ,Manipur
54276.0,55506.0,48391.0,27490.0,,,"Electricity, gas, water supply & other utility services",4.       ,Manipur
100712.0,106164.0,120023.0,143182.0,,,Construction,5.       ,Manipur
195978.0,192264.0,214425.0,220173.0,,,Secondary,Total,Manipur
156450.0,140653.0,217288.0,262950.0,,,"Trade, repair, hotels and restaurants",6.       ,Manipur
149457.0,132930.0,208884.0,253637.0,,,Trade & repair services,6.1,Manipur
6993.0,7723.0,8404.0,9313.0,,,Hotels & restaurants,6.2,Manipur
70408.0,87255.0,98126.0,109726.0,,,"Transport, storage, communication & services related to broadcasting",7.       ,Manipur
2.0,3.0,5.0,6.0,,,Railways,7.1,Manipur
43561.0,53400.0,56436.0,58974.0,,,Road transport,7.2,Manipur
,,,,,,Water transport,7.3,Manipur
1999.0,3502.0,2499.0,6288.0,,,Air transport,7.4,Manipur
1816.0,2226.0,2330.0,2441.0,,,Services incidental to transport,7.5,Manipur
0.0,,,,,,Storage,7.6,Manipur
23030.0,28124.0,36856.0,42017.0,,,Communication & services related to broadcasting,7.7,Manipur
23400.0,25705.0,28663.0,30315.0,,,Financial services,8.       ,Manipur
134847.0,144304.0,152279.0,159335.0,,,"Real estate, ownership of dwelling & professional services",9.       ,Manipur
231790.0,243900.0,252574.0,297078.0,,,Public administration,10.   ,Manipur
208417.0,241678.0,272290.0,317930.0,,,Other services,11.   ,Manipur
825312.0,883495.0,1021220.0,1177334.0,,,Tertiary,Total,Manipur
1272913.0,1372924.0,1585587.0,1780647.0,,,TOTAL GSVA at basic prices,12,Manipur
48918.0,46019.0,77021.0,92766.0,,,Taxes on Products,13,Manipur
30370.0,44163.0,42765.0,69137.0,,,Subsidies on products,14,Manipur
1291461.0,1374779.0,1619843.0,1804276.0,,,Gross State Domestic Product,15,Manipur
28925.0,29561.0,30210.0,30873.0,,,Population ('00),16,Manipur
44649.0,46507.0,53619.0,58442.0,,,Per Capita GSDP (Rs.),17,Manipur
282868.0,322670.0,344514.0,366521.0,401331.0,433602.0,"Agriculture, forestry and fishing",1,Meghalaya
163103.0,198591.0,208494.0,223330.0,245122.0,267849.0,Crops,1.1,Meghalaya
59593.0,60863.0,69345.0,72442.0,75531.0,78611.0,Livestock,1.2,Meghalaya
56090.0,55730.0,58137.0,61166.0,62680.0,64881.0,Forestry and logging,1.3,Meghalaya
4082.0,7486.0,8538.0,9583.0,17998.0,22261.0,Fishing and aquaculture,1.4,Meghalaya
139436.0,122745.0,188716.0,84529.0,86582.0,90932.0,Mining and quarrying,2,Meghalaya
422304.0,445415.0,533230.0,451050.0,487913.0,524534.0,Primary,Total,Meghalaya
464603.0,493214.0,399384.0,433213.0,484399.0,532284.0,Manufacturing,3,Meghalaya
45558.0,70063.0,42870.0,54473.0,57931.0,59784.0,"Electricity, gas, water supply & other utility services",4,Meghalaya
113619.0,103723.0,117094.0,150256.0,162705.0,179073.0,Construction,5,Meghalaya
623780.0,667000.0,559348.0,637942.0,705035.0,771141.0,Secondary,Total,Meghalaya
258058.0,321598.0,374564.0,383974.0,409337.0,452787.0,"Trade, repair, hotels and restaurants",6,Meghalaya
239040.0,300758.0,351794.0,357727.0,378937.0,417559.0,Trade & repair services,6.1,Meghalaya
19018.0,20840.0,22770.0,26247.0,30400.0,35228.0,Hotels & restaurants,6.2,Meghalaya
95615.0,114541.0,129657.0,148189.0,173458.0,210783.0,"Transport, storage, communication & services related to broadcasting",7,Meghalaya
0.0,0.0,0.0,0.0,0.0,0.0,Railways,7.1,Meghalaya
70235.0,82990.0,90559.0,105783.0,125359.0,153641.0,Road transport,7.2,Meghalaya
,,,,,,Water transport,7.3,Meghalaya
325.0,605.0,525.0,1443.0,1717.0,2112.0,Air transport,7.4,Meghalaya
,,,,,,Services incidental to transport,7.5,Meghalaya
288.0,320.0,364.0,416.0,474.0,539.0,Storage,7.6,Meghalaya
24767.0,30625.0,38209.0,40547.0,45908.0,54491.0,Communication & services related to broadcasting,7.7,Meghalaya
55825.0,56562.0,60604.0,64091.0,69815.0,74891.0,Financial services,8,Meghalaya
115443.0,127014.0,137835.0,150409.0,161674.0,175724.0,"Real estate, ownership of dwelling & professional services",9,Meghalaya
177913.0,183125.0,208108.0,239782.0,248077.0,264438.0,Public administration,10,Meghalaya
143244.0,158612.0,181083.0,214211.0,246233.0,286068.0,Other services,11,Meghalaya
846097.0,961451.0,1091850.0,1200655.0,1308595.0,1464691.0,Tertiary,Total,Meghalaya
1892182.0,2073867.0,2184428.0,2289647.0,2501543.0,2760366.0,TOTAL GSVA at basic prices,12,Meghalaya
152456.0,183013.0,175549.0,213272.0,238522.0,260542.0,Taxes on Products,13,Meghalaya
52863.0,69677.0,66154.0,62112.0,65542.0,64218.0,Subsidies on products,14,Meghalaya
1991775.0,2187202.0,2293824.0,2440807.0,2674523.0,2956690.0,Gross State Domestic Product,15,Meghalaya
30040.0,30690.0,31350.0,32020.0,32710.0,33410.0,Population ('00),16,Meghalaya
66304.0,71268.0,73168.0,76228.0,81765.0,88497.0,Per Capita GSDP (Rs.),17,Meghalaya
149468.0,161353.0,189886.0,217010.0,,,"Agriculture, forestry and fishing",1,Mizoram
75876.0,83792.0,101131.0,116609.0,,,Crops,1.1,Mizoram
30336.0,30843.0,36832.0,45590.0,,,Livestock,1.2,Mizoram
38403.0,40972.0,45742.0,47763.0,,,Forestry and logging,1.3,Mizoram
4853.0,5746.0,6181.0,7048.0,,,Fishing and aquaculture,1.4,Mizoram
5073.0,4009.0,12491.0,8588.0,,,Mining and quarrying,2,Mizoram
154541.0,165362.0,202376.0,225598.0,,,Primary,Total,Mizoram
6578.0,7358.0,8329.0,8479.0,,,Manufacturing,3,Mizoram
51024.0,61109.0,101365.0,128365.0,,,"Electricity, gas, water supply & other utility services",4,Mizoram
89328.0,88507.0,113326.0,133228.0,,,Construction,5,Mizoram
146930.0,156974.0,223020.0,270072.0,,,Secondary,Total,Mizoram
76482.0,96173.0,103080.0,114315.0,,,"Trade, repair, hotels and restaurants",6,Mizoram
74230.0,93698.0,100399.0,111324.0,,,Trade & repair services,6.1,Mizoram
2252.0,2475.0,2681.0,2991.0,,,Hotels & restaurants,6.2,Mizoram
31917.0,38990.0,46410.0,52587.0,,,"Transport, storage, communication & services related to broadcasting",7,Mizoram
30.0,35.0,33.0,32.0,,,Railways,7.1,Mizoram
21376.0,25853.0,30356.0,34684.0,,,Road transport,7.2,Mizoram
613.0,836.0,580.0,331.0,,,Water transport,7.3,Mizoram
103.0,191.0,166.0,144.0,,,Air transport,7.4,Mizoram
0.0,0.0,0.0,0.0,,,Services incidental to transport,7.5,Mizoram
0.0,0.0,0.0,0.0,,,Storage,7.6,Mizoram
9795.0,12075.0,15275.0,17395.0,,,Communication & services related to broadcasting,7.7,Mizoram
20053.0,19581.0,21502.0,23168.0,,,Financial services,8,Mizoram
41471.0,46544.0,51036.0,55068.0,,,"Real estate, ownership of dwelling & professional services",9,Mizoram
139286.0,170816.0,189585.0,206259.0,,,Public administration,10,Mizoram
132328.0,156875.0,176398.0,186222.0,,,Other services,11,Mizoram
441537.0,528979.0,588011.0,637619.0,,,Tertiary,Total,Mizoram
743008.0,851315.0,1013407.0,1133289.0,,,TOTAL GSVA at basic prices,12,Mizoram
23226.0,27434.0,35819.0,43084.0,,,Taxes on Products,13,Mizoram
40365.0,42556.0,19889.0,20440.0,,,Subsidies on products,14,Mizoram
725869.0,836193.0,1029337.0,1155933.0,,,Gross State Domestic Product,15,Mizoram
11108.0,11345.0,11586.0,11833.0,,,Population ('00),16,Mizoram
65347.0,73708.0,88840.0,97687.0,,,Per Capita GSDP (Rs.),17,Mizoram
373363.0,450256.0,556609.0,607897.0,,,"Agriculture, forestry and fishing",1,Nagaland
204304.0,257414.0,340577.0,375825.0,,,Crops,1.1,Nagaland
83147.0,102361.0,115312.0,123800.0,,,Livestock,1.2,Nagaland
79569.0,83502.0,93029.0,99802.0,,,Forestry and logging,1.3,Nagaland
6344.0,6978.0,7690.0,8470.0,,,Fishing and aquaculture,1.4,Nagaland
5660.0,6621.0,8005.0,8280.0,,,Mining and quarrying,2,Nagaland
379022.0,456877.0,564614.0,616178.0,,,Primary,Total,Nagaland
15122.0,19400.0,16831.0,18346.0,,,Manufacturing,3,Nagaland
29524.0,33796.0,34633.0,37944.0,,,"Electricity, gas, water supply & other utility services",4,Nagaland
105135.0,113744.0,117862.0,156072.0,,,Construction,5,Nagaland
149782.0,166940.0,169326.0,212361.0,,,Secondary,Total,Nagaland
105152.0,124506.0,129374.0,140781.0,,,"Trade, repair, hotels and restaurants",6,Nagaland
100064.0,118795.0,123498.0,134174.0,,,Trade & repair services,6.1,Nagaland
5088.0,5711.0,5876.0,6607.0,,,Hotels & restaurants,6.2,Nagaland
57815.0,63547.0,71190.0,77521.0,,,"Transport, storage, communication & services related to broadcasting",7,Nagaland
376.0,449.0,285.0,336.0,,,Railways,7.1,Nagaland
32072.0,36447.0,34417.0,34548.0,,,Road transport,7.2,Nagaland
1319.0,690.0,466.0,600.0,,,Water transport,7.3,Nagaland
937.0,1744.0,1515.0,4153.0,,,Air transport,7.4,Nagaland
0.0,0.0,0.0,0.0,,,Services incidental to transport,7.5,Nagaland
63.0,97.0,80.0,89.0,,,Storage,7.6,Nagaland
23049.0,24120.0,34427.0,37794.0,,,Communication & services related to broadcasting,7.7,Nagaland
47701.0,53134.0,57079.0,60393.0,,,Financial services,8,Nagaland
129296.0,139146.0,147986.0,159651.0,,,"Real estate, ownership of dwelling & professional services",9,Nagaland
182188.0,195575.0,264724.0,295424.0,,,Public administration,10,Nagaland
155696.0,196428.0,237768.0,259186.0,,,Other services,11,Nagaland
677849.0,772336.0,908121.0,992956.0,,,Tertiary,Total,Nagaland
1206653.0,1396153.0,1642062.0,1821495.0,,,TOTAL GSVA at basic prices,12,Nagaland
34970.0,39159.0,50423.0,57674.0,,,Taxes on Products,13,Nagaland
57711.0,73435.0,31300.0,37745.0,,,Subsidies on products,14,Nagaland
1183912.0,1361877.0,1661185.0,1841424.0,,,Gross State Domestic Product,15,Nagaland
19910.0,20120.0,20340.0,20550.0,,,Population ('00),16,Nagaland
59463.0,67688.0,81671.0,89607.0,,,Per Capita GSDP (Rs.),17,Nagaland
3899782.0,5319539.0,5545889.0,6422978.0,5923233.0,6944503.0,"Agriculture, forestry and fishing",1,Odisha
2508626.0,3688187.0,3713058.0,4382636.0,3634239.0,4435505.0,Crops,1.1,Odisha
538480.0,649537.0,735973.0,788243.0,862852.0,982547.0,Livestock,1.2,Odisha
584641.0,635319.0,730574.0,791463.0,852212.0,871261.0,Forestry and logging,1.3,Odisha
268035.0,346496.0,366283.0,460636.0,573930.0,655191.0,Fishing and aquaculture,1.4,Odisha
2648738.0,2663875.0,2861660.0,2586328.0,2536315.0,2565292.0,Mining and quarrying,2,Odisha
6548520.0,7983414.0,8407548.0,9009306.0,8459548.0,9509795.0,Primary,Total,Odisha
4116404.0,4212453.0,5168498.0,5754229.0,6084214.0,6369453.0,Manufacturing,3,Odisha
498975.0,621278.0,703664.0,833067.0,954884.0,1028710.0,"Electricity, gas, water supply & other utility services",4,Odisha
2059629.0,2074154.0,2314664.0,2402396.0,2595864.0,2783835.0,Construction,5,Odisha
6675009.0,6907885.0,8186826.0,8989693.0,9634962.0,10181998.0,Secondary,Total,Odisha
2035854.0,2436044.0,2769620.0,3149555.0,3472581.0,3831417.0,"Trade, repair, hotels and restaurants",6,Odisha
1838866.0,2218946.0,2533465.0,2886789.0,3186965.0,3518412.0,Trade & repair services,6.1,Odisha
196989.0,217098.0,236155.0,262766.0,285617.0,313005.0,Hotels & restaurants,6.2,Odisha
1347538.0,1560857.0,1771254.0,2034016.0,2288366.0,2560875.0,"Transport, storage, communication & services related to broadcasting",7,Odisha
179466.0,233719.0,266785.0,341494.0,392608.0,443594.0,Railways,7.1,Odisha
693450.0,802859.0,892415.0,973144.0,1104364.0,1235376.0,Road transport,7.2,Odisha
41962.0,42597.0,42862.0,50349.0,50873.0,53726.0,Water transport,7.3,Odisha
3421.0,7232.0,5311.0,15354.0,16298.0,19684.0,Air transport,7.4,Odisha
80536.0,87715.0,98780.0,117469.0,121943.0,134360.0,Services incidental to transport,7.5,Odisha
13967.0,15384.0,18233.0,22675.0,23106.0,26398.0,Storage,7.6,Odisha
334737.0,371354.0,446868.0,513531.0,579174.0,647737.0,Communication & services related to broadcasting,7.7,Odisha
796303.0,910354.0,962328.0,1065147.0,1192545.0,1269519.0,Financial services,8,Odisha
1707147.0,1901721.0,2146627.0,2348714.0,2558724.0,2830137.0,"Real estate, ownership of dwelling & professional services",9,Odisha
863077.0,980808.0,1390657.0,1318221.0,1333157.0,1489687.0,Public administration,10,Odisha
1738239.0,1892760.0,1932774.0,2340603.0,2771634.0,3197566.0,Other services,11,Odisha
8488159.0,9682545.0,10973261.0,12256258.0,13617007.0,15179201.0,Tertiary,Total,Odisha
21711688.0,24573844.0,27567635.0,30255256.0,31711518.0,34870994.0,TOTAL GSVA at basic prices,12,Odisha
2031089.0,2340292.0,2715614.0,3151184.0,3623265.0,4179956.0,Taxes on Products,13,Odisha
955550.0,1086627.0,1112340.0,1209349.0,1146050.0,1151825.0,Subsidies on products,14,Odisha
22787227.0,25827509.0,29170909.0,32197092.0,34188733.0,37899126.0,Gross State Domestic Product,15,Odisha
422220.0,426510.0,430840.0,435220.0,439630.0,444100.0,Population ('00),16,Odisha
53970.0,60555.0,67707.0,73979.0,77767.0,85339.0,Per Capita GSDP (Rs.),17,Odisha
75378.0,90421.0,97627.0,113156.0,129392.0,146798.0,"Agriculture, forestry and fishing",1,Puducherry
20453.0,30492.0,32407.0,38878.0,46166.0,53913.0,Crops,1.1,Puducherry
32214.0,36707.0,39975.0,45358.0,51880.0,57027.0,Livestock,1.2,Puducherry
3319.0,3388.0,3331.0,3931.0,4423.0,4854.0,Forestry and logging,1.3,Puducherry
19392.0,19834.0,21914.0,24989.0,26923.0,31004.0,Fishing and aquaculture,1.4,Puducherry
25362.0,36566.0,43924.0,33272.0,36585.0,40943.0,Mining and quarrying,2,Puducherry
100740.0,126987.0,141551.0,146428.0,165977.0,187741.0,Primary,Total,Puducherry
427827.0,437890.0,580331.0,618297.0,619640.0,640253.0,Manufacturing,3,Puducherry
22711.0,26802.0,29739.0,60624.0,70570.0,83038.0,"Electricity, gas, water supply & other utility services",4,Puducherry
244130.0,245390.0,297167.0,316205.0,333021.0,352344.0,Construction,5,Puducherry
694668.0,710082.0,907237.0,995126.0,1023231.0,1075635.0,Secondary,Total,Puducherry
147477.0,188941.0,190310.0,200290.0,269202.0,311676.0,"Trade, repair, hotels and restaurants",6,Puducherry
127194.0,166686.0,166269.0,171312.0,229835.0,263707.0,Trade & repair services,6.1,Puducherry
20283.0,22255.0,24041.0,28978.0,39367.0,47969.0,Hotels & restaurants,6.2,Puducherry
67419.0,76048.0,83063.0,88192.0,96191.0,115122.0,"Transport, storage, communication & services related to broadcasting",7,Puducherry
200.0,203.0,226.0,263.0,300.0,344.0,Railways,7.1,Puducherry
41200.0,47180.0,49118.0,49909.0,52444.0,63216.0,Road transport,7.2,Puducherry
3968.0,3989.0,3161.0,2946.0,3966.0,4169.0,Water transport,7.3,Puducherry
0.0,0.0,0.0,0.0,0.0,0.0,Air transport,7.4,Puducherry
689.0,793.0,949.0,1071.0,1488.0,1980.0,Services incidental to transport,7.5,Puducherry
51.0,45.0,29.0,28.0,32.0,42.0,Storage,7.6,Puducherry
21311.0,23838.0,29580.0,33975.0,37961.0,45371.0,Communication & services related to broadcasting,7.7,Puducherry
59157.0,63963.0,68944.0,72252.0,76372.0,88560.0,Financial services,8,Puducherry
144860.0,170936.0,206980.0,251106.0,286536.0,327407.0,"Real estate, ownership of dwelling & professional services",9,Puducherry
80270.0,87479.0,74652.0,82612.0,94510.0,120461.0,Public administration,10,Puducherry
186610.0,222709.0,246164.0,283268.0,324341.0,378281.0,Other services,11,Puducherry
685793.0,810076.0,870113.0,977720.0,1147152.0,1341507.0,Tertiary,Total,Puducherry
1481201.0,1647145.0,1918901.0,2119274.0,2336360.0,2604883.0,TOTAL GSVA at basic prices,12,Puducherry
249800.0,297500.0,321410.0,331269.0,357060.0,377200.0,Taxes on Products,13,Puducherry
49200.0,57100.0,53299.0,41686.0,40074.0,26344.0,Subsidies on products,14,Puducherry
1681801.0,1887545.0,2187012.0,2408857.0,2653346.0,2955739.0,Gross State Domestic Product,15,Puducherry
12670.0,13010.0,13350.0,13710.0,14070.0,14450.0,Population ('00),16,Puducherry
132739.0,145084.0,163821.0,175701.0,188582.0,204549.0,Per Capita GSDP (Rs.),17,Puducherry
7816825.0,8373465.0,9030656.0,9285716.0,,,"Agriculture, forestry and fishing",1,Punjab
5007937.0,5314252.0,5734357.0,5690972.0,,,Crops,1.1,Punjab
2034580.0,2222010.0,2445208.0,2638842.0,,,Livestock,1.2,Punjab
715707.0,769611.0,758874.0,848245.0,,,Forestry and logging,1.3,Punjab
58601.0,67592.0,92217.0,107657.0,,,Fishing and aquaculture,1.4,Punjab
3682.0,2057.0,8707.0,10354.0,,,Mining and quarrying,2,Punjab
7820507.0,8375522.0,9039363.0,9296070.0,,,Primary,Total,Punjab
3750728.0,4067078.0,4419233.0,4790341.0,,,Manufacturing,3,Punjab
714903.0,816016.0,856238.0,911611.0,,,"Electricity, gas, water supply & other utility services",4,Punjab
1978423.0,2054740.0,2129015.0,2202962.0,,,Construction,5,Punjab
6444054.0,6937833.0,7404486.0,7904914.0,,,Secondary,Total,Punjab
2532467.0,2993141.0,3752484.0,4419919.0,,,"Trade, repair, hotels and restaurants",6,Punjab
2371685.0,2815726.0,3555016.0,4201252.0,,,Trade & repair services,6.1,Punjab
160781.0,177415.0,197468.0,218667.0,,,Hotels & restaurants,6.2,Punjab
1321324.0,1540246.0,1736148.0,1951809.0,,,"Transport, storage, communication & services related to broadcasting",7,Punjab
190402.0,228932.0,215046.0,233389.0,,,Railways,7.1,Punjab
625062.0,708851.0,823463.0,928575.0,,,Road transport,7.2,Punjab
0.0,0.0,0.0,0.0,,,Water transport,7.3,Punjab
2464.0,4658.0,3967.0,4473.0,,,Air transport,7.4,Punjab
32147.0,36862.0,42676.0,48124.0,,,Services incidental to transport,7.5,Punjab
48043.0,91143.0,64027.0,76429.0,,,Storage,7.6,Punjab
423205.0,469800.0,586969.0,660819.0,,,Communication & services related to broadcasting,7.7,Punjab
1464304.0,1655979.0,1836932.0,2057520.0,,,Financial services,8,Punjab
2274674.0,2574058.0,2849529.0,3142786.0,,,"Real estate, ownership of dwelling & professional services",9,Punjab
1269455.0,1486914.0,1629661.0,1842730.0,,,Public administration,10,Punjab
2250644.0,2520089.0,2909626.0,3303041.0,,,Other services,11,Punjab
11112868.0,12770426.0,14714380.0,16717805.0,,,Tertiary,Total,Punjab
25377429.0,28083782.0,31158229.0,33918789.0,,,TOTAL GSVA at basic prices,12,Punjab
2192500.0,2726900.0,3252700.0,3794100.0,,,Taxes on Products,13,Punjab
907100.0,1037300.0,939500.0,911800.0,,,Subsidies on products,14,Punjab
26662829.0,29773382.0,33471429.0,36801089.0,,,Gross State Domestic Product,15,Punjab
279547.0,283207.0,286916.0,290673.0,,,Population ('00),16,Punjab
95379.0,105129.0,116659.0,126606.0,,,Per Capita GSDP (Rs.),17,Punjab
11910650.0,13572561.0,14418664.0,15044394.0,,,"Agriculture, forestry and fishing",1,Rajasthan
7346942.0,8389344.0,8675414.0,7673441.0,,,Crops,1.1,Rajasthan
3113617.0,3523365.0,3962174.0,5356257.0,,,Livestock,1.2,Rajasthan
1416986.0,1622443.0,1738606.0,1956660.0,,,Forestry and logging,1.3,Rajasthan
33105.0,37408.0,42470.0,58036.0,,,Fishing and aquaculture,1.4,Rajasthan
1841530.0,3395874.0,3716758.0,4069385.0,,,Mining and quarrying,2,Rajasthan
13752181.0,16968435.0,18135422.0,19113780.0,,,Primary,Total,Rajasthan
6666606.0,5627437.0,6015398.0,6552580.0,,,Manufacturing,3,Rajasthan
763271.0,1059921.0,979452.0,1122888.0,,,"Electricity, gas, water supply & other utility services",4,Rajasthan
4359171.0,4568112.0,4965979.0,5353326.0,,,Construction,5,Rajasthan
11789049.0,11255470.0,11960829.0,13028794.0,,,Secondary,Total,Rajasthan
4374625.0,5241569.0,6201013.0,7297290.0,,,"Trade, repair, hotels and restaurants",6,Rajasthan
4097894.0,4943212.0,5878264.0,6942748.0,,,Trade & repair services,6.1,Rajasthan
276731.0,298357.0,322749.0,354543.0,,,Hotels & restaurants,6.2,Rajasthan
2312809.0,2748068.0,3300711.0,3814461.0,,,"Transport, storage, communication & services related to broadcasting",7,Rajasthan
240962.0,336900.0,401763.0,464638.0,,,Railways,7.1,Rajasthan
1410655.0,1636644.0,1906004.0,2121206.0,,,Road transport,7.2,Rajasthan
0.0,0.0,0.0,0.0,,,Water transport,7.3,Rajasthan
6698.0,12715.0,10561.0,13469.0,,,Air transport,7.4,Rajasthan
31956.0,37192.0,43300.0,47609.0,,,Services incidental to transport,7.5,Rajasthan
10113.0,11053.0,13916.0,16584.0,,,Storage,7.6,Rajasthan
612425.0,713565.0,925166.0,1150955.0,,,Communication & services related to broadcasting,7.7,Rajasthan
1364042.0,1494592.0,1717985.0,1827413.0,,,Financial services,8,Rajasthan
4133721.0,4921093.0,5613758.0,6451997.0,,,"Real estate, ownership of dwelling & professional services",9,Rajasthan
1467926.0,1593519.0,2001087.0,2460364.0,,,Public administration,10,Rajasthan
2481856.0,2892295.0,3357215.0,4164287.0,,,Other services,11,Rajasthan
16134979.0,18891136.0,22191768.0,26015812.0,,,Tertiary,Total,Rajasthan
41676209.0,47115041.0,52288019.0,58158386.0,,,TOTAL GSVA at basic prices,12,Rajasthan
3395875.0,4206109.0,4799113.0,5394503.0,,,Taxes on Products,13,Rajasthan
1425555.0,1920765.0,2117072.0,2333442.0,,,Subsidies on products,14,Rajasthan
43646529.0,49400385.0,54970060.0,61219447.0,,,Gross State Domestic Product,15,Rajasthan
691240.0,701220.0,711340.0,721610.0,,,Population ('00),16,Rajasthan
63142.0,70449.0,77277.0,84837.0,,,Per Capita GSDP (Rs.),17,Rajasthan
8773221.0,8439666.0,10867130.0,13064238.0,13143892.0,13707951.0,"Agriculture, forestry and fishing",1,Tamil_Nadu
5375639.0,4696306.0,6294046.0,7297820.0,7280028.0,7557588.0,Crops,1.1,Tamil_Nadu
2617944.0,2972027.0,3738883.0,4693361.0,4765971.0,4995138.0,Livestock,1.2,Tamil_Nadu
355528.0,338087.0,399307.0,392705.0,415952.0,434416.0,Forestry and logging,1.3,Tamil_Nadu
424110.0,433247.0,434895.0,680352.0,681941.0,720809.0,Fishing and aquaculture,1.4,Tamil_Nadu
326843.0,317889.0,318743.0,265536.0,261638.0,276321.0,Mining and quarrying,2,Tamil_Nadu
9100064.0,8757555.0,11185873.0,13329774.0,13405530.0,13984272.0,Primary,Total,Tamil_Nadu
15176801.0,17826090.0,18137892.0,18914794.0,20142365.0,21026591.0,Manufacturing,3,Tamil_Nadu
795604.0,1267240.0,1303592.0,1710379.0,2073838.0,2336516.0,"Electricity, gas, water supply & other utility services",4,Tamil_Nadu
9247221.0,10235650.0,11418102.0,12216718.0,13395808.0,14533745.0,Construction,5,Tamil_Nadu
25219626.0,29328980.0,30859585.0,32841892.0,35612011.0,37896853.0,Secondary,Total,Tamil_Nadu
7930219.0,9691628.0,11344765.0,12895842.0,14567728.0,15372472.0,"Trade, repair, hotels and restaurants",6,Tamil_Nadu
6893400.0,8505165.0,9967754.0,11252588.0,12593468.0,13171329.0,Trade & repair services,6.1,Tamil_Nadu
1036819.0,1186463.0,1377011.0,1643253.0,1974260.0,2201143.0,Hotels & restaurants,6.2,Tamil_Nadu
5337904.0,6145938.0,6726593.0,7188320.0,8008838.0,8780319.0,"Transport, storage, communication & services related to broadcasting",7,Tamil_Nadu
316026.0,370416.0,401984.0,468553.0,548315.0,581276.0,Railways,7.1,Tamil_Nadu
2866546.0,3309408.0,3581990.0,3660994.0,3851117.0,3978671.0,Road transport,7.2,Tamil_Nadu
66379.0,62574.0,59573.0,70414.0,83962.0,100526.0,Water transport,7.3,Tamil_Nadu
43317.0,80632.0,62921.0,180836.0,339750.0,492323.0,Air transport,7.4,Tamil_Nadu
822307.0,951481.0,939475.0,864407.0,980474.0,1113679.0,Services incidental to transport*,7.5,Tamil_Nadu
26961.0,28773.0,33162.0,39834.0,48814.0,60273.0,Storage,7.6,Tamil_Nadu
1196369.0,1342653.0,1647489.0,1903283.0,2156406.0,2453571.0,Communication & services related to broadcasting,7.7,Tamil_Nadu
4019599.0,4466210.0,5088062.0,5598498.0,5990393.0,6849037.0,Financial services,8,Tamil_Nadu
10253371.0,12096018.0,14291455.0,16830213.0,19831868.0,23022995.0,"Real estate, ownership of dwelling & professional services",9,Tamil_Nadu
2598408.0,2572501.0,2962600.0,3400800.0,3728920.0,4561182.0,Public administration,10,Tamil_Nadu
4842953.0,5483888.0,6378431.0,7430115.0,8569379.0,9858347.0,Other services,11,Tamil_Nadu
34982454.0,40456183.0,46791906.0,53343788.0,60697126.0,68444352.0,Tertiary,Total,Tamil_Nadu
69302145.0,78542719.0,88837364.0,99515453.0,109714667.0,120325477.0,TOTAL GSVA at basic prices,12,Tamil_Nadu
8455881.0,10014105.0,10988371.0,12507325.0,14407032.0,16216539.0,Taxes on Products,13,Tamil_Nadu
2609517.0,3008738.0,2716748.0,2766405.0,2854900.0,2665416.0,Subsidies on products,14,Tamil_Nadu
75148509.0,85548086.0,97108987.0,109256373.0,121266799.0,133876600.0,Gross State Domestic Product,15,Tamil_Nadu
725370.0,732110.0,738900.0,745760.0,752690.0,759680.0,Population ('00),16,Tamil_Nadu
103600.0,116851.0,131424.0,146503.0,161111.0,176228.0,Per Capita GSDP (Rs.),17,Tamil_Nadu
5461488.0,6726490.0,7723553.0,7591501.0,7755281.0,9216180.0,"Agriculture, forestry and fishing",1,Telangana
3236819.0,4057031.0,4715888.0,4162493.0,3867873.0,4885862.0,Crops,1.1,Telangana
1884801.0,2278539.0,2539923.0,2951299.0,3436285.0,3852198.0,Livestock,1.2,Telangana
191725.0,207059.0,218021.0,210741.0,213338.0,210850.0,Forestry and logging,1.3,Telangana
148143.0,183861.0,249721.0,266968.0,237785.0,267270.0,Fishing and aquaculture,1.4,Telangana
1106109.0,1268476.0,1238555.0,1541853.0,1723849.0,1889245.0,Mining and quarrying,2,Telangana
6567597.0,7994966.0,8962108.0,9133354.0,9479130.0,11105425.0,Primary,Total,Telangana
6215158.0,5543115.0,5714839.0,6353711.0,6677750.0,7323500.0,Manufacturing,3,Telangana
783505.0,589605.0,870938.0,716266.0,661426.0,666068.0,"Electricity, gas, water supply & other utility services",4,Telangana
2278975.0,2357786.0,2458242.0,2854024.0,3030401.0,3395388.0,Construction,5,Telangana
9277638.0,8490506.0,9044019.0,9924001.0,10369577.0,11384956.0,Secondary,Total,Telangana
3747813.0,4454669.0,5127458.0,6494607.0,7481535.0,8786776.0,"Trade, repair, hotels and restaurants",6,Telangana
3048685.0,3647224.0,4456270.0,5724128.0,6634722.0,7841875.0,Trade & repair services,6.1,Telangana
699128.0,807445.0,671188.0,770479.0,846813.0,944901.0,Hotels & restaurants,6.2,Telangana
2531735.0,2987019.0,3229811.0,3604741.0,4182002.0,4895352.0,"Transport, storage, communication & services related to broadcasting",7,Telangana
161363.0,175620.0,193048.0,199686.0,205940.0,208823.0,Railways,7.1,Telangana
1461278.0,1715757.0,1869092.0,2055658.0,2418848.0,2863507.0,Road transport,7.2,Telangana
0.0,0.0,0.0,0.0,0.0,0.0,Water transport,7.3,Telangana
23258.0,43171.0,34506.0,120691.0,158647.0,217072.0,Air transport,7.4,Telangana
371763.0,484436.0,447736.0,454909.0,513777.0,593688.0,Services incidental to transport,7.5,Telangana
17531.0,15328.0,17085.0,19805.0,24206.0,28510.0,Storage,7.6,Telangana
496542.0,552707.0,668344.0,753992.0,860584.0,983752.0,Communication & services related to broadcasting,7.7,Telangana
2126507.0,2363216.0,2659553.0,3023729.0,3312302.0,3700835.0,Financial services,8,Telangana
5551356.0,6924491.0,8230664.0,9478839.0,10903589.0,12506017.0,"Real estate, ownership of dwelling & professional services",9,Telangana
1131292.0,1265964.0,1433832.0,1711265.0,2061873.0,2244545.0,Public administration,10,Telangana
2670927.0,3035381.0,3546015.0,4158229.0,4848041.0,5442671.0,Other services,11,Telangana
17759630.0,21030740.0,24227333.0,28471410.0,32789342.0,37576197.0,Tertiary,Total,Telangana
33604865.0,37516212.0,42233460.0,47528765.0,52638049.0,60066578.0,TOTAL GSVA at basic prices,12,Telangana
3281100.0,3716400.0,4092900.0,4425700.0,6034600.0,6382500.0,Taxes on Products,13,Telangana
942700.0,1083300.0,1107800.0,836700.0,1109500.0,1019700.0,Subsidies on products,14,Telangana
35943265.0,40149312.0,45218560.0,51117765.0,57563149.0,65429378.0,Gross State Domestic Product,15,Telangana
356820.0,360400.0,364010.0,367660.0,371340.0,375050.0,Population ('00),16,Telangana
100732.0,111402.0,124223.0,139035.0,155015.0,174455.0,Per Capita GSDP (Rs.),17,Telangana
511201.0,567087.0,702979.0,799825.0,,,"Agriculture, forestry and fishing",1,Tripura
318959.0,339064.0,375086.0,397591.0,,,Crops,1.1,Tripura
33664.0,42223.0,70541.0,88176.0,,,Livestock,1.2,Tripura
109763.0,119262.0,133116.0,145096.0,,,Forestry and logging,1.3,Tripura
48815.0,66538.0,124236.0,168961.0,,,Fishing and aquaculture,1.4,Tripura
118123.0,128413.0,130634.0,142391.0,,,Mining and quarrying,2,Tripura
629324.0,695500.0,833613.0,942216.0,,,Primary,Total,Tripura
72651.0,117529.0,125869.0,228625.0,,,Manufacturing,3,Tripura
44297.0,55855.0,55022.0,77870.0,,,"Electricity, gas, water supply & other utility services",4,Tripura
148327.0,151630.0,174411.0,177899.0,,,Construction,5,Tripura
265275.0,325014.0,355302.0,484393.0,,,Secondary,Total,Tripura
226839.0,265292.0,333695.0,390423.0,,,"Trade, repair, hotels and restaurants",6,Tripura
226839.0,265292.0,333695.0,390423.0,,,Trade & repair services,6.1,Tripura
,,,,,,Hotels & restaurants,6.2,Tripura
84316.0,108895.0,121265.0,155956.0,,,"Transport, storage, communication & services related to broadcasting",7,Tripura
224.0,261.0,261.0,305.0,,,Railways,7.1,Tripura
,,,,,,Road transport,7.2,Tripura
,,,,,,Water transport,7.3,Tripura
,,,,,,Air transport,7.4,Tripura
46677.0,63696.0,65236.0,88721.0,,,Services incidental to transport*,7.5,Tripura
151.0,187.0,205.0,254.0,,,Storage,7.6,Tripura
37264.0,44751.0,55563.0,66676.0,,,Communication & services related to broadcasting,7.7,Tripura
57103.0,67963.0,72348.0,86094.0,,,Financial services,8,Tripura
119572.0,135500.0,168765.0,190704.0,,,"Real estate, ownership of dwelling & professional services",9,Tripura
241678.0,270564.0,302004.0,338244.0,,,Public administration,10,Tripura
255446.0,260210.0,316948.0,323287.0,,,Other services,11,Tripura
984954.0,1108424.0,1315025.0,1484709.0,,,Tertiary,Total,Tripura
1879553.0,2128938.0,2503940.0,2911319.0,,,TOTAL GSVA at basic prices,12,Tripura
103607.0,118636.0,149345.0,149345.0,,,Taxes on Products,13,Tripura
62319.0,81254.0,94002.0,94002.0,,,Subsidies on products,14,Tripura
1920841.0,2166320.0,2559283.0,2966662.0,,,Gross State Domestic Product,15,Tripura
37000.0,37440.0,37890.0,38350.0,,,Population ('00),16,Tripura
51915.0,57861.0,67545.0,77358.0,,,Per Capita GSDP (Rs.),17,Tripura
18324305.0,21306497.0,23813650.0,25097754.0,28212490.0,,"Agriculture, forestry and fishing",1,Uttar_Pradesh
12415418.0,14951864.0,16249998.0,16215212.0,18242114.0,,Crops,1.1,Uttar_Pradesh
4382274.0,4687592.0,5908922.0,7096876.0,8233666.0,,Livestock,1.2,Uttar_Pradesh
1249516.0,1358583.0,1312393.0,1404936.0,1330196.0,,Forestry and logging,1.3,Uttar_Pradesh
277097.0,308458.0,342337.0,380730.0,406514.0,,Fishing and aquaculture,1.4,Uttar_Pradesh
653517.0,688795.0,868920.0,901501.0,783973.0,,Mining and quarrying,2,Uttar_Pradesh
18977822.0,21995292.0,24682570.0,25999255.0,28996463.0,,Primary,Total,Uttar_Pradesh
8763582.0,9522404.0,11377466.0,12261649.0,13604096.0,,Manufacturing,3,Uttar_Pradesh
926846.0,1228906.0,1663539.0,2030625.0,2152779.0,,"Electricity, gas, water supply & other utility services",4,Uttar_Pradesh
8487701.0,9320623.0,10048635.0,11256450.0,12225841.0,,Construction,5,Uttar_Pradesh
18178129.0,20071933.0,23089640.0,25548724.0,27982716.0,,Secondary,Total,Uttar_Pradesh
6946589.0,7472500.0,8713200.0,9437243.0,10603082.0,,"Trade, repair, hotels and restaurants",6,Uttar_Pradesh
6162196.0,6641138.0,7723813.0,8476139.0,9523247.0,,Trade & repair services,6.1,Uttar_Pradesh
784393.0,831362.0,989387.0,961104.0,1079835.0,,Hotels & restaurants,6.2,Uttar_Pradesh
4048142.0,4919874.0,6102126.0,7404509.0,8079924.0,,"Transport, storage, communication & services related to broadcasting",7,Uttar_Pradesh
1066108.0,1227911.0,1398344.0,1618742.0,1534567.0,,Railways,7.1,Uttar_Pradesh
1976901.0,2477770.0,2885934.0,3645747.0,4269516.0,,Road transport,7.2,Uttar_Pradesh
1496.0,783.0,528.0,681.0,798.0,,Water transport,7.3,Uttar_Pradesh
7630.0,14732.0,15692.0,36582.0,42841.0,,Air transport,7.4,Uttar_Pradesh
9842.0,12019.0,14738.0,16323.0,19116.0,,Services incidental to transport,7.5,Uttar_Pradesh
111006.0,122608.0,137454.0,171696.0,196868.0,,Storage,7.6,Uttar_Pradesh
875159.0,1064051.0,1649436.0,1914737.0,2016218.0,,Communication & services related to broadcasting,7.7,Uttar_Pradesh
2518230.0,2862582.0,3133376.0,3392275.0,3605988.0,,Financial services,8,Uttar_Pradesh
9745417.0,11527819.0,13018473.0,14548185.0,16038848.0,,"Real estate, ownership of dwelling & professional services",9,Uttar_Pradesh
4234830.0,5058674.0,5483464.0,6152124.0,6823321.0,,Public administration,10,Uttar_Pradesh
3540115.0,3862890.0,4318007.0,5034623.0,5623362.0,,Other services,11,Uttar_Pradesh
31033323.0,35704339.0,40768646.0,45968959.0,50774526.0,,Tertiary,Total,Uttar_Pradesh
68189274.0,77771564.0,88540856.0,97516938.0,107753705.0,,TOTAL GSVA at basic prices,12,Uttar_Pradesh
7063424.0,7797300.0,8962314.0,10107396.0,11008735.0,,Taxes on Products,13,Uttar_Pradesh
2847843.0,3278565.0,3088598.0,3287219.0,3382981.0,,Subsidies on products,14,Uttar_Pradesh
72404855.0,82290299.0,94414572.0,104337115.0,115379459.0,,Gross State Domestic Product,15,Uttar_Pradesh
2015910.0,2046780.0,2078120.0,2109940.0,2110940.0,,Population ('00),16,Uttar_Pradesh
35917.0,40205.0,45433.0,49450.0,54658.0,,Per Capita GSDP (Rs.),17,Uttar_Pradesh
1330208.0,1536643.0,1579095.0,1601423.0,1715039.0,,"Agriculture, forestry and fishing",1,Uttarakhand
764026.0,901730.0,850163.0,866146.0,893917.0,,Crops,1.1,Uttarakhand
287787.0,313744.0,351373.0,391188.0,447222.0,,Livestock,1.2,Uttarakhand
274833.0,317354.0,373062.0,339293.0,368781.0,,Forestry and logging,1.3,Uttarakhand
3562.0,3815.0,4497.0,4796.0,5119.0,,Fishing and aquaculture,1.4,Uttarakhand
186083.0,205726.0,354844.0,244549.0,298187.0,,Mining and quarrying,2,Uttarakhand
1516291.0,1742369.0,1933939.0,1845972.0,2013226.0,,Primary,Total,Uttarakhand
4365135.0,5082899.0,5439264.0,5866252.0,6132562.0,,Manufacturing,3,Uttarakhand
398079.0,416111.0,375058.0,433880.0,541284.0,,"Electricity, gas, water supply & other utility services",4,Uttarakhand
883766.0,936950.0,1243051.0,1342733.0,1833004.0,,Construction,5,Uttarakhand
5646980.0,6435960.0,7057373.0,7642865.0,8506850.0,,Secondary,Total,Uttarakhand
1192897.0,1408869.0,1614577.0,1743106.0,1991602.0,,"Trade, repair, hotels and restaurants",6,Uttarakhand
1013998.0,1218822.0,1426694.0,1534073.0,1768221.0,,Trade & repair services,6.1,Uttarakhand
178899.0,190047.0,187883.0,209033.0,223381.0,,Hotels & restaurants,6.2,Uttarakhand
703706.0,825647.0,951652.0,1066693.0,1224232.0,,"Transport, storage, communication & services related to broadcasting",7,Uttarakhand
14140.0,16514.0,17214.0,21295.0,24470.0,,Railways,7.1,Uttarakhand
218487.0,259840.0,287156.0,307147.0,339240.0,,Road transport*,7.2,Uttarakhand
,,,,,,Water transport,7.3,Uttarakhand
652.0,1229.0,2158.0,3889.0,7053.0,,Air transport,7.4,Uttarakhand
,,,-76.0,,,Services incidental to transport,7.5,Uttarakhand
579.0,678.0,735.0,660.0,699.0,,Storage,7.6,Uttarakhand
469848.0,547386.0,644389.0,733778.0,852770.0,,Communication & services related to broadcasting,7.7,Uttarakhand
293318.0,320421.0,357514.0,385030.0,421624.0,,Financial services,8,Uttarakhand
588825.0,671182.0,739177.0,831307.0,935310.0,,"Real estate, ownership of dwelling & professional services",9,Uttarakhand
412001.0,323723.0,483887.0,579409.0,711920.0,,Public administration,10,Uttarakhand
498856.0,668947.0,827478.0,982430.0,1255262.0,,Other services,11,Uttarakhand
3689603.0,4218789.0,4974285.0,5587975.0,6539950.0,,Tertiary,Total,Uttarakhand
10852874.0,12397118.0,13965597.0,15076812.0,17060026.0,,TOTAL GSVA at basic prices,12,Uttarakhand
919682.0,1067367.0,1274054.0,1434856.0,1704821.0,,Taxes on Products,13,Uttarakhand
220207.0,280963.0,257991.0,313139.0,355716.0,,Subsidies on products,14,Uttarakhand
11552349.0,13183522.0,14981660.0,16198529.0,18409131.0,,Gross State Domestic Product,15,Uttarakhand
101650.0,103020.0,104410.0,105820.0,107240.0,,Population ('00),16,Uttarakhand
113648.0,127971.0,143489.0,153076.0,171663.0,,Per Capita GSDP (Rs.),17,Uttarakhand
